rpm,timestamp,anomaly
820,2022-03-23 14:14:33,0
1288,2022-03-23 14:17:38,0
851,2022-03-23 18:04:59,0
852,2022-03-23 18:05:02,0
849,2022-03-23 18:05:05,0
833,2022-03-23 18:05:08,0
787,2022-03-23 18:05:10,0
929,2022-03-23 18:05:13,0
839,2022-03-23 18:05:16,0
900,2022-03-23 18:05:19,0
812,2022-03-23 18:05:22,0
843,2022-03-23 18:05:25,0
856,2022-03-23 18:05:28,0
1231,2022-03-23 18:05:31,0
1152,2022-03-23 18:05:33,0
1151,2022-03-23 18:05:36,0
1361,2022-03-23 18:05:39,0
1257,2022-03-23 18:05:42,0
1264,2022-03-23 18:05:45,0
1420,2022-03-23 18:05:48,0
1508,2022-03-23 18:05:51,0
1537,2022-03-23 18:05:54,0
1828,2022-03-23 18:05:56,0
1866,2022-03-23 18:05:59,0
1910,2022-03-23 18:06:02,0
1121,2022-03-23 18:06:05,0
1038,2022-03-23 18:06:08,0
1178,2022-03-23 18:06:11,0
1242,2022-03-23 18:06:14,0
951,2022-03-23 18:06:16,0
1319,2022-03-23 18:06:19,0
1185,2022-03-23 18:06:22,0
1018,2022-03-23 18:06:25,0
1053,2022-03-23 18:06:28,0
965,2022-03-23 18:06:31,0
1110,2022-03-23 18:06:34,0
1177,2022-03-23 18:06:37,0
1396,2022-03-23 18:06:39,0
1564,2022-03-23 18:06:42,0
1540,2022-03-23 18:06:45,0
1751,2022-03-23 18:06:48,0
1313,2022-03-23 18:06:51,0
1172,2022-03-23 18:06:54,0
990,2022-03-23 18:06:57,0
1129,2022-03-23 18:07:00,0
1302,2022-03-23 18:07:02,0
995,2022-03-23 18:07:05,0
1004,2022-03-23 18:07:08,0
1406,2022-03-23 18:07:11,0
1470,2022-03-23 18:07:14,0
1378,2022-03-23 18:07:17,0
1449,2022-03-23 18:07:20,0
1588,2022-03-23 18:07:22,0
1481,2022-03-23 18:07:25,0
1412,2022-03-23 18:07:28,0
1369,2022-03-23 18:07:31,0
1366,2022-03-23 18:07:34,0
1321,2022-03-23 18:07:37,0
1615,2022-03-23 18:07:40,0
1780,2022-03-23 18:07:43,0
1491,2022-03-23 18:07:45,0
989,2022-03-23 18:07:48,0
929,2022-03-23 18:07:51,0
857,2022-03-23 18:07:54,0
1764,2022-03-23 18:07:57,0
1484,2022-03-23 18:08:00,0
1309,2022-03-23 18:08:03,0
1448,2022-03-23 18:08:06,0
1508,2022-03-23 18:08:08,0
1351,2022-03-23 18:08:11,0
1594,2022-03-23 18:08:14,0
1762,2022-03-23 18:08:17,0
1194,2022-03-23 18:08:20,0
1236,2022-03-23 18:08:23,0
1183,2022-03-23 18:08:26,0
1064,2022-03-23 18:08:29,0
863,2022-03-23 18:08:31,0
879,2022-03-23 18:08:34,0
1340,2022-03-23 18:08:37,0
1548,2022-03-23 18:08:40,0
1669,2022-03-23 18:08:43,0
1770,2022-03-23 18:08:46,0
1330,2022-03-23 18:08:49,0
1142,2022-03-23 18:08:51,0
1107,2022-03-23 18:08:54,0
1068,2022-03-23 18:08:57,0
1063,2022-03-23 18:09:00,0
971,2022-03-23 18:09:03,0
1019,2022-03-23 18:09:06,0
969,2022-03-23 18:09:09,0
902,2022-03-23 18:09:12,0
952,2022-03-23 18:09:14,0
898,2022-03-23 18:09:17,0
838,2022-03-23 18:09:20,0
0,2022-03-23 18:09:23,0
0,2022-03-23 18:09:26,0
0,2022-03-23 18:09:29,0
0,2022-03-23 18:09:32,0
0,2022-03-23 18:09:35,0
0,2022-03-23 18:09:37,0
0,2022-03-23 18:09:40,0
0,2022-03-23 18:09:43,0
0,2022-03-23 18:09:46,0
0,2022-03-23 18:09:49,0
0,2022-03-23 18:09:52,0
0,2022-03-23 18:09:55,0
0,2022-03-23 18:09:58,0
0,2022-03-23 18:10:00,0
0,2022-03-23 18:10:03,0
0,2022-03-23 18:10:06,0
0,2022-03-23 18:10:09,0
1062,2022-03-23 18:10:12,0
1923,2022-03-23 18:10:15,0
1558,2022-03-23 18:10:18,0
1595,2022-03-23 18:10:21,0
2179,2022-03-23 18:10:23,0
1525,2022-03-23 18:10:26,0
1352,2022-03-23 18:10:29,0
955,2022-03-23 18:10:32,0
1152,2022-03-23 18:10:35,0
1149,2022-03-23 18:10:38,0
1369,2022-03-23 18:10:41,0
1564,2022-03-23 18:10:44,0
1596,2022-03-23 18:10:46,0
1508,2022-03-23 18:10:49,0
1459,2022-03-23 18:10:52,0
941,2022-03-23 18:10:55,0
922,2022-03-23 18:10:58,0
1165,2022-03-23 18:11:01,0
1027,2022-03-23 18:11:04,0
801,2022-03-23 18:11:07,0
895,2022-03-23 18:11:09,0
874,2022-03-23 18:11:12,0
898,2022-03-23 18:11:15,0
892,2022-03-23 18:11:18,0
944,2022-03-23 18:11:21,0
873,2022-03-23 18:11:24,0
945,2022-03-23 18:11:27,0
913,2022-03-23 18:11:29,0
900,2022-03-23 18:11:32,0
892,2022-03-23 18:11:35,0
776,2022-03-23 18:11:38,0
805,2022-03-23 18:11:41,0
781,2022-03-23 18:11:44,0
779,2022-03-23 18:11:47,0
776,2022-03-23 18:11:50,0
778,2022-03-23 18:11:52,0
779,2022-03-23 18:11:55,0
782,2022-03-23 18:11:58,0
779,2022-03-23 18:12:01,0
780,2022-03-23 18:12:04,0
781,2022-03-23 18:12:07,0
785,2022-03-23 18:12:10,0
782,2022-03-23 18:12:12,0
777,2022-03-23 18:12:15,0
777,2022-03-23 18:12:18,0
769,2022-03-23 18:12:21,0
931,2022-03-23 18:12:24,0
1005,2022-03-23 18:12:27,0
885,2022-03-23 18:12:30,0
893,2022-03-23 18:12:33,0
852,2022-03-23 18:12:35,0
847,2022-03-23 18:12:38,0
777,2022-03-23 18:12:41,0
791,2022-03-23 18:12:44,0
736,2022-03-23 18:12:47,0
829,2022-03-23 18:12:50,0
882,2022-03-23 18:12:53,0
883,2022-03-23 18:12:56,0
1738,2022-03-23 18:12:58,0
855,2022-03-23 18:13:01,0
911,2022-03-23 18:13:04,0
908,2022-03-23 18:13:07,0
862,2022-03-23 18:13:10,0
819,2022-03-23 18:13:13,0
849,2022-03-23 18:13:16,0
848,2022-03-23 18:13:18,0
876,2022-03-23 18:13:21,0
899,2022-03-23 18:13:24,0
874,2022-03-23 18:13:27,0
904,2022-03-23 18:13:30,0
877,2022-03-23 18:13:33,0
850,2022-03-23 18:13:36,0
848,2022-03-23 18:13:39,0
823,2022-03-23 18:13:41,0
889,2022-03-23 18:13:44,0
853,2022-03-23 18:13:47,0
848,2022-03-23 18:13:50,0
854,2022-03-23 18:13:53,0
814,2022-03-23 18:13:56,0
776,2022-03-23 18:13:59,0
780,2022-03-23 18:14:02,0
772,2022-03-23 18:14:04,0
940,2022-03-23 18:14:07,0
847,2022-03-23 18:14:10,0
850,2022-03-23 18:14:13,0
821,2022-03-23 18:14:16,0
776,2022-03-23 18:14:19,0
758,2022-03-23 18:14:22,0
841,2022-03-23 18:14:25,0
848,2022-03-23 18:14:27,0
775,2022-03-23 18:14:30,0
778,2022-03-23 18:14:33,0
679,2022-03-23 18:14:36,0
954,2022-03-23 18:14:39,0
885,2022-03-23 18:14:42,0
816,2022-03-23 18:14:45,0
748,2022-03-23 18:14:48,0
977,2022-03-23 18:14:50,0
844,2022-03-23 18:14:53,0
992,2022-03-23 18:14:56,0
932,2022-03-23 18:14:59,0
849,2022-03-23 18:15:02,0
848,2022-03-23 18:15:05,0
822,2022-03-23 18:15:08,0
820,2022-03-23 18:15:11,0
855,2022-03-23 18:15:13,0
821,2022-03-23 18:15:16,0
768,2022-03-23 18:15:19,0
846,2022-03-23 18:15:22,0
796,2022-03-23 18:15:25,0
777,2022-03-23 18:15:28,0
923,2022-03-23 18:15:31,0
1609,2022-03-23 18:15:34,0
922,2022-03-23 18:15:37,0
912,2022-03-23 18:15:39,0
862,2022-03-23 18:15:42,0
922,2022-03-23 18:15:45,0
894,2022-03-23 18:15:48,0
844,2022-03-23 18:15:51,0
866,2022-03-23 18:15:54,0
824,2022-03-23 18:15:57,0
810,2022-03-23 18:16:00,0
899,2022-03-23 18:16:03,0
902,2022-03-23 18:16:05,0
915,2022-03-23 18:16:08,0
1389,2022-03-23 18:16:11,0
998,2022-03-23 18:16:14,0
922,2022-03-23 18:16:17,0
1024,2022-03-23 18:16:20,0
967,2022-03-23 18:16:23,0
883,2022-03-23 18:16:26,0
1077,2022-03-23 18:16:28,0
949,2022-03-23 18:16:31,0
916,2022-03-23 18:16:34,0
933,2022-03-23 18:16:37,0
945,2022-03-23 18:16:40,0
1077,2022-03-23 18:16:43,0
1066,2022-03-23 18:16:46,0
1212,2022-03-23 18:16:49,0
1533,2022-03-23 18:16:51,0
1931,2022-03-23 18:16:54,0
1293,2022-03-23 18:16:57,0
1605,2022-03-23 18:17:00,0
2112,2022-03-23 18:17:03,0
1573,2022-03-23 18:17:06,0
1638,2022-03-23 18:17:09,0
1493,2022-03-23 18:17:12,0
1211,2022-03-23 18:17:14,0
1198,2022-03-23 18:17:17,0
1130,2022-03-23 18:17:20,0
1094,2022-03-23 18:17:23,0
1033,2022-03-23 18:17:26,0
1058,2022-03-23 18:17:29,0
1089,2022-03-23 18:17:32,0
1093,2022-03-23 18:17:35,0
1136,2022-03-23 18:17:37,0
1339,2022-03-23 18:17:40,0
1568,2022-03-23 18:17:43,0
1817,2022-03-23 18:17:46,0
2122,2022-03-23 18:17:49,0
2359,2022-03-23 18:17:52,0
1323,2022-03-23 18:17:55,0
1726,2022-03-23 18:17:58,0
1827,2022-03-23 18:18:00,0
1944,2022-03-23 18:18:03,0
2060,2022-03-23 18:18:06,0
2125,2022-03-23 18:18:09,0
2171,2022-03-23 18:18:12,0
2223,2022-03-23 18:18:15,0
2270,2022-03-23 18:18:18,0
2258,2022-03-23 18:18:20,0
2268,2022-03-23 18:18:23,0
2291,2022-03-23 18:18:26,0
2320,2022-03-23 18:18:29,0
2323,2022-03-23 18:18:32,0
2348,2022-03-23 18:18:35,0
2340,2022-03-23 18:18:38,0
2331,2022-03-23 18:18:41,0
2324,2022-03-23 18:18:43,0
2312,2022-03-23 18:18:46,0
2305,2022-03-23 18:18:49,0
2330,2022-03-23 18:18:52,0
2356,2022-03-23 18:18:55,0
2341,2022-03-23 18:18:58,0
2337,2022-03-23 18:19:01,0
2369,2022-03-23 18:19:04,0
2390,2022-03-23 18:19:06,0
2370,2022-03-23 18:19:09,0
2369,2022-03-23 18:19:12,0
2378,2022-03-23 18:19:15,0
2379,2022-03-23 18:19:18,0
2396,2022-03-23 18:19:21,0
2364,2022-03-23 18:19:24,0
2300,2022-03-23 18:19:27,0
2273,2022-03-23 18:19:29,0
2233,2022-03-23 18:19:32,0
2214,2022-03-23 18:19:35,0
2199,2022-03-23 18:19:38,0
2197,2022-03-23 18:19:41,0
2189,2022-03-23 18:19:44,0
2181,2022-03-23 18:19:47,0
2184,2022-03-23 18:19:50,0
2172,2022-03-23 18:19:52,0
2156,2022-03-23 18:19:55,0
2132,2022-03-23 18:19:58,0
2105,2022-03-23 18:20:01,0
2083,2022-03-23 18:20:04,0
2102,2022-03-23 18:20:07,0
2148,2022-03-23 18:20:10,0
2210,2022-03-23 18:20:12,0
2231,2022-03-23 18:20:15,0
2263,2022-03-23 18:20:18,0
2224,2022-03-23 18:20:21,0
2202,2022-03-23 18:20:24,0
2149,2022-03-23 18:20:27,0
2104,2022-03-23 18:20:30,0
2046,2022-03-23 18:20:33,0
1942,2022-03-23 18:20:35,0
1854,2022-03-23 18:20:38,0
1823,2022-03-23 18:20:41,0
1729,2022-03-23 18:20:44,0
1771,2022-03-23 18:20:47,0
1515,2022-03-23 18:20:50,0
1437,2022-03-23 18:20:53,0
1438,2022-03-23 18:20:56,0
1437,2022-03-23 18:20:58,0
1348,2022-03-23 18:21:01,0
1322,2022-03-23 18:21:04,0
1333,2022-03-23 18:21:07,0
1370,2022-03-23 18:21:10,0
1415,2022-03-23 18:21:13,0
1458,2022-03-23 18:21:16,0
1483,2022-03-23 18:21:18,0
1518,2022-03-23 18:21:21,0
1421,2022-03-23 18:21:24,0
1406,2022-03-23 18:21:27,0
1446,2022-03-23 18:21:30,0
1477,2022-03-23 18:21:33,0
1482,2022-03-23 18:21:36,0
1387,2022-03-23 18:21:39,0
1352,2022-03-23 18:21:41,0
1348,2022-03-23 18:21:44,0
1409,2022-03-23 18:21:47,0
1438,2022-03-23 18:21:50,0
1417,2022-03-23 18:21:53,0
1419,2022-03-23 18:21:56,0
1461,2022-03-23 18:21:59,0
1416,2022-03-23 18:22:02,0
1428,2022-03-23 18:22:05,0
1396,2022-03-23 18:22:07,0
1395,2022-03-23 18:22:10,0
1418,2022-03-23 18:22:13,0
1447,2022-03-23 18:22:16,0
1448,2022-03-23 18:22:19,0
1364,2022-03-23 18:22:22,0
1270,2022-03-23 18:22:25,0
1280,2022-03-23 18:22:27,0
1319,2022-03-23 18:22:30,0
1318,2022-03-23 18:22:33,0
1358,2022-03-23 18:22:36,0
1311,2022-03-23 18:22:39,0
1335,2022-03-23 18:22:42,0
1417,2022-03-23 18:22:45,0
1384,2022-03-23 18:22:48,0
1357,2022-03-23 18:22:50,0
1314,2022-03-23 18:22:53,0
1296,2022-03-23 18:22:56,0
1217,2022-03-23 18:22:59,0
1130,2022-03-23 18:23:02,0
1107,2022-03-23 18:23:05,0
1086,2022-03-23 18:23:08,0
1060,2022-03-23 18:23:11,0
1053,2022-03-23 18:23:13,0
1073,2022-03-23 18:23:16,0
1118,2022-03-23 18:23:19,0
1177,2022-03-23 18:23:22,0
1252,2022-03-23 18:23:25,0
1325,2022-03-23 18:23:28,0
1405,2022-03-23 18:23:31,0
1492,2022-03-23 18:23:34,0
1490,2022-03-23 18:23:36,0
1490,2022-03-23 18:23:39,0
1486,2022-03-23 18:23:42,0
1473,2022-03-23 18:23:45,0
1541,2022-03-23 18:23:48,0
1669,2022-03-23 18:23:51,0
1791,2022-03-23 18:23:54,0
1906,2022-03-23 18:23:56,0
1990,2022-03-23 18:23:59,0
1980,2022-03-23 18:24:02,0
1865,2022-03-23 18:24:05,0
1771,2022-03-23 18:24:08,0
1825,2022-03-23 18:24:11,0
1889,2022-03-23 18:24:14,0
1962,2022-03-23 18:24:17,0
2039,2022-03-23 18:24:19,0
2107,2022-03-23 18:24:22,0
2032,2022-03-23 18:24:25,0
1951,2022-03-23 18:24:28,0
1973,2022-03-23 18:24:31,0
2005,2022-03-23 18:24:34,0
2026,2022-03-23 18:24:37,0
2025,2022-03-23 18:24:39,0
2006,2022-03-23 18:24:42,0
1990,2022-03-23 18:24:45,0
1997,2022-03-23 18:24:48,0
2003,2022-03-23 18:24:51,0
1971,2022-03-23 18:24:54,0
1892,2022-03-23 18:24:57,0
1890,2022-03-23 18:25:00,0
1885,2022-03-23 18:25:02,0
1770,2022-03-23 18:25:05,0
1734,2022-03-23 18:25:08,0
1698,2022-03-23 18:25:11,0
1664,2022-03-23 18:25:14,0
1697,2022-03-23 18:25:17,0
1715,2022-03-23 18:25:20,0
1737,2022-03-23 18:25:23,0
1769,2022-03-23 18:25:25,0
1809,2022-03-23 18:25:28,0
1845,2022-03-23 18:25:31,0
1878,2022-03-23 18:25:34,0
1925,2022-03-23 18:25:37,0
1959,2022-03-23 18:25:40,0
1980,2022-03-23 18:25:43,0
1936,2022-03-23 18:25:46,0
1937,2022-03-23 18:25:48,0
1963,2022-03-23 18:25:51,0
1984,2022-03-23 18:25:54,0
2031,2022-03-23 18:25:57,0
2010,2022-03-23 18:26:00,0
1871,2022-03-23 18:26:03,0
1839,2022-03-23 18:26:06,0
1807,2022-03-23 18:26:08,0
1790,2022-03-23 18:26:11,0
1727,2022-03-23 18:26:14,0
1657,2022-03-23 18:26:17,0
1594,2022-03-23 18:26:20,0
1542,2022-03-23 18:26:23,0
1518,2022-03-23 18:26:26,0
1561,2022-03-23 18:26:29,0
1609,2022-03-23 18:26:31,0
1676,2022-03-23 18:26:34,0
1765,2022-03-23 18:26:37,0
1843,2022-03-23 18:26:40,0
1919,2022-03-23 18:26:43,0
1996,2022-03-23 18:26:46,0
2011,2022-03-23 18:26:49,0
2002,2022-03-23 18:26:52,0
1998,2022-03-23 18:26:54,0
1969,2022-03-23 18:26:57,0
1949,2022-03-23 18:27:00,0
1931,2022-03-23 18:27:03,0
1914,2022-03-23 18:27:06,0
1884,2022-03-23 18:27:09,0
1819,2022-03-23 18:27:12,0
1731,2022-03-23 18:27:15,0
1689,2022-03-23 18:27:17,0
1665,2022-03-23 18:27:20,0
1677,2022-03-23 18:27:23,0
1722,2022-03-23 18:27:26,0
1758,2022-03-23 18:27:29,0
1791,2022-03-23 18:27:32,0
1836,2022-03-23 18:27:35,0
1827,2022-03-23 18:27:38,0
1786,2022-03-23 18:27:40,0
1739,2022-03-23 18:27:43,0
1707,2022-03-23 18:27:46,0
1677,2022-03-23 18:27:49,0
1702,2022-03-23 18:27:52,0
1712,2022-03-23 18:27:55,0
1713,2022-03-23 18:27:58,0
1726,2022-03-23 18:28:01,0
1725,2022-03-23 18:28:03,0
1732,2022-03-23 18:28:06,0
1753,2022-03-23 18:28:09,0
1744,2022-03-23 18:28:12,0
1749,2022-03-23 18:28:15,0
1771,2022-03-23 18:28:18,0
1824,2022-03-23 18:28:21,0
1887,2022-03-23 18:28:24,0
1936,2022-03-23 18:28:27,0
1961,2022-03-23 18:28:29,0
2003,2022-03-23 18:28:32,0
2036,2022-03-23 18:28:35,0
2071,2022-03-23 18:28:38,0
2036,2022-03-23 18:28:41,0
2143,2022-03-23 18:28:44,0
2258,2022-03-23 18:28:47,0
2326,2022-03-23 18:28:50,0
2361,2022-03-23 18:28:52,0
2374,2022-03-23 18:28:55,0
2388,2022-03-23 18:28:58,0
2383,2022-03-23 18:29:01,0
2334,2022-03-23 18:29:04,0
2310,2022-03-23 18:29:07,0
2289,2022-03-23 18:29:10,0
2260,2022-03-23 18:29:13,0
2152,2022-03-23 18:29:15,0
2045,2022-03-23 18:29:18,0
2017,2022-03-23 18:29:21,0
1922,2022-03-23 18:29:24,0
1781,2022-03-23 18:29:27,0
1800,2022-03-23 18:29:30,0
1877,2022-03-23 18:29:33,0
1980,2022-03-23 18:29:36,0
2080,2022-03-23 18:29:39,0
2187,2022-03-23 18:29:41,0
2268,2022-03-23 18:29:44,0
2327,2022-03-23 18:29:47,0
2325,2022-03-23 18:29:50,0
2276,2022-03-23 18:29:53,0
2268,2022-03-23 18:29:56,0
2277,2022-03-23 18:29:59,0
2269,2022-03-23 18:30:02,0
2250,2022-03-23 18:30:04,0
2246,2022-03-23 18:30:07,0
2244,2022-03-23 18:30:10,0
2242,2022-03-23 18:30:13,0
2214,2022-03-23 18:30:16,0
2177,2022-03-23 18:30:19,0
2135,2022-03-23 18:30:22,0
1997,2022-03-23 18:30:25,0
1812,2022-03-23 18:30:27,0
1746,2022-03-23 18:30:30,0
1696,2022-03-23 18:30:33,0
1565,2022-03-23 18:30:36,0
1494,2022-03-23 18:30:39,0
1496,2022-03-23 18:30:42,0
1538,2022-03-23 18:30:45,0
1498,2022-03-23 18:30:48,0
1416,2022-03-23 18:30:50,0
1352,2022-03-23 18:30:53,0
1252,2022-03-23 18:30:56,0
1329,2022-03-23 18:30:59,0
1382,2022-03-23 18:31:02,0
1378,2022-03-23 18:31:05,0
1373,2022-03-23 18:31:08,0
1410,2022-03-23 18:31:11,0
1374,2022-03-23 18:31:13,0
1395,2022-03-23 18:31:16,0
1382,2022-03-23 18:31:19,0
1344,2022-03-23 18:31:22,0
1417,2022-03-23 18:31:25,0
1433,2022-03-23 18:31:28,0
1384,2022-03-23 18:31:31,0
1340,2022-03-23 18:31:34,0
1352,2022-03-23 18:31:36,0
1403,2022-03-23 18:31:39,0
1463,2022-03-23 18:31:42,0
1412,2022-03-23 18:31:45,0
1428,2022-03-23 18:31:48,0
1395,2022-03-23 18:31:51,0
1432,2022-03-23 18:31:54,0
1517,2022-03-23 18:31:57,0
1561,2022-03-23 18:31:59,0
1617,2022-03-23 18:32:02,0
1650,2022-03-23 18:32:05,0
1635,2022-03-23 18:32:08,0
1548,2022-03-23 18:32:11,0
1457,2022-03-23 18:32:14,0
1470,2022-03-23 18:32:17,0
1462,2022-03-23 18:32:20,0
1515,2022-03-23 18:32:22,0
1557,2022-03-23 18:32:25,0
1564,2022-03-23 18:32:28,0
1577,2022-03-23 18:32:31,0
1518,2022-03-23 18:32:34,0
1541,2022-03-23 18:32:37,0
1572,2022-03-23 18:32:40,0
1633,2022-03-23 18:32:43,0
1516,2022-03-23 18:32:45,0
1489,2022-03-23 18:32:48,0
1531,2022-03-23 18:32:51,0
1428,2022-03-23 18:32:54,0
1466,2022-03-23 18:32:57,0
1588,2022-03-23 18:33:00,0
1564,2022-03-23 18:33:03,0
1591,2022-03-23 18:33:05,0
1679,2022-03-23 18:33:08,0
1607,2022-03-23 18:33:11,0
1576,2022-03-23 18:33:14,0
1640,2022-03-23 18:33:17,0
1835,2022-03-23 18:33:20,0
2026,2022-03-23 18:33:23,0
2139,2022-03-23 18:33:26,0
1991,2022-03-23 18:33:28,0
1758,2022-03-23 18:33:31,0
1749,2022-03-23 18:33:34,0
1828,2022-03-23 18:33:37,0
1955,2022-03-23 18:33:40,0
2065,2022-03-23 18:33:43,0
2085,2022-03-23 18:33:46,0
2029,2022-03-23 18:33:49,0
1876,2022-03-23 18:33:51,0
1804,2022-03-23 18:33:54,0
1690,2022-03-23 18:33:57,0
1697,2022-03-23 18:34:00,0
1746,2022-03-23 18:34:03,0
1813,2022-03-23 18:34:06,0
1851,2022-03-23 18:34:09,0
1792,2022-03-23 18:34:12,0
1680,2022-03-23 18:34:14,0
1681,2022-03-23 18:34:17,0
1757,2022-03-23 18:34:20,0
1842,2022-03-23 18:34:23,0
1838,2022-03-23 18:34:26,0
1775,2022-03-23 18:34:29,0
1665,2022-03-23 18:34:32,0
1567,2022-03-23 18:34:34,0
1604,2022-03-23 18:34:37,0
1620,2022-03-23 18:34:40,0
1398,2022-03-23 18:34:43,0
1295,2022-03-23 18:34:46,0
1346,2022-03-23 18:34:49,0
1396,2022-03-23 18:34:52,0
1369,2022-03-23 18:34:55,0
1464,2022-03-23 18:34:57,0
1568,2022-03-23 18:35:00,0
1449,2022-03-23 18:35:03,0
1455,2022-03-23 18:35:06,0
1414,2022-03-23 18:35:09,0
1556,2022-03-23 18:35:12,0
1630,2022-03-23 18:35:15,0
1634,2022-03-23 18:35:18,0
1550,2022-03-23 18:35:20,0
1376,2022-03-23 18:35:23,0
1386,2022-03-23 18:35:26,0
1479,2022-03-23 18:35:29,0
1607,2022-03-23 18:35:32,0
1702,2022-03-23 18:35:35,0
1695,2022-03-23 18:35:38,0
1793,2022-03-23 18:35:41,0
1893,2022-03-23 18:35:43,0
1838,2022-03-23 18:35:46,0
1774,2022-03-23 18:35:49,0
1818,2022-03-23 18:35:52,0
1749,2022-03-23 18:35:55,0
1705,2022-03-23 18:35:58,0
1733,2022-03-23 18:36:01,0
1845,2022-03-23 18:36:04,0
1890,2022-03-23 18:36:06,0
1853,2022-03-23 18:36:09,0
1751,2022-03-23 18:36:12,0
1637,2022-03-23 18:36:15,0
1736,2022-03-23 18:36:18,0
1909,2022-03-23 18:36:21,0
1955,2022-03-23 18:36:24,0
1810,2022-03-23 18:36:29,0
1714,2022-03-23 18:36:32,0
1730,2022-03-23 18:36:35,0
1778,2022-03-23 18:36:38,0
1699,2022-03-23 18:36:41,0
1638,2022-03-23 18:36:44,0
1688,2022-03-23 18:36:47,0
1661,2022-03-23 18:36:49,0
1513,2022-03-23 18:36:52,0
1466,2022-03-23 18:36:55,0
1555,2022-03-23 18:36:58,0
1726,2022-03-23 18:37:01,0
1788,2022-03-23 18:37:04,0
1763,2022-03-23 18:37:07,0
1700,2022-03-23 18:37:10,0
1660,2022-03-23 18:37:12,0
1619,2022-03-23 18:37:15,0
1657,2022-03-23 18:37:18,0
1756,2022-03-23 18:37:21,0
1855,2022-03-23 18:37:24,0
1944,2022-03-23 18:37:27,0
2046,2022-03-23 18:37:30,0
2128,2022-03-23 18:37:33,0
2190,2022-03-23 18:37:35,0
2249,2022-03-23 18:37:38,0
2303,2022-03-23 18:37:41,0
2350,2022-03-23 18:37:44,0
2391,2022-03-23 18:37:47,0
2432,2022-03-23 18:37:50,0
2392,2022-03-23 18:37:53,0
2286,2022-03-23 18:37:56,0
2191,2022-03-23 18:37:58,0
2161,2022-03-23 18:38:01,0
2064,2022-03-23 18:38:04,0
2006,2022-03-23 18:38:07,0
2011,2022-03-23 18:38:10,0
1979,2022-03-23 18:38:13,0
2014,2022-03-23 18:38:16,0
2042,2022-03-23 18:38:19,0
2063,2022-03-23 18:38:21,0
2091,2022-03-23 18:38:24,0
2121,2022-03-23 18:38:27,0
2149,2022-03-23 18:38:30,0
2167,2022-03-23 18:38:33,0
2058,2022-03-23 18:38:36,0
1935,2022-03-23 18:38:39,0
1923,2022-03-23 18:38:42,0
1932,2022-03-23 18:38:44,0
1952,2022-03-23 18:38:47,0
1997,2022-03-23 18:38:50,0
2041,2022-03-23 18:38:53,0
2077,2022-03-23 18:38:56,0
2121,2022-03-23 18:38:59,0
2102,2022-03-23 18:39:02,0
2022,2022-03-23 18:39:05,0
1990,2022-03-23 18:39:07,0
1966,2022-03-23 18:39:10,0
1938,2022-03-23 18:39:13,0
1897,2022-03-23 18:39:16,0
1878,2022-03-23 18:39:19,0
1818,2022-03-23 18:39:22,0
1778,2022-03-23 18:39:25,0
1779,2022-03-23 18:39:27,0
1798,2022-03-23 18:39:30,0
1838,2022-03-23 18:39:33,0
1876,2022-03-23 18:39:36,0
1935,2022-03-23 18:39:39,0
1963,2022-03-23 18:39:42,0
1939,2022-03-23 18:39:45,0
1927,2022-03-23 18:39:48,0
1879,2022-03-23 18:39:50,0
1793,2022-03-23 18:39:53,0
1794,2022-03-23 18:39:56,0
1816,2022-03-23 18:39:59,0
1864,2022-03-23 18:40:02,0
1910,2022-03-23 18:40:05,0
1964,2022-03-23 18:40:08,0
2017,2022-03-23 18:40:11,0
2050,2022-03-23 18:40:13,0
2082,2022-03-23 18:40:16,0
2076,2022-03-23 18:40:19,0
2066,2022-03-23 18:40:22,0
2032,2022-03-23 18:40:25,0
1989,2022-03-23 18:40:28,0
1843,2022-03-23 18:40:31,0
1741,2022-03-23 18:40:34,0
1684,2022-03-23 18:40:36,0
1638,2022-03-23 18:40:39,0
1533,2022-03-23 18:40:42,0
1464,2022-03-23 18:40:45,0
1458,2022-03-23 18:40:48,0
1477,2022-03-23 18:40:51,0
1438,2022-03-23 18:40:54,0
1337,2022-03-23 18:40:57,0
1336,2022-03-23 18:40:59,0
1337,2022-03-23 18:41:02,0
1406,2022-03-23 18:41:05,0
1433,2022-03-23 18:41:08,0
1438,2022-03-23 18:41:11,0
1382,2022-03-23 18:41:14,0
1399,2022-03-23 18:41:17,0
1407,2022-03-23 18:41:20,0
1432,2022-03-23 18:41:22,0
1469,2022-03-23 18:41:25,0
1470,2022-03-23 18:41:28,0
1457,2022-03-23 18:41:31,0
1475,2022-03-23 18:41:34,0
1499,2022-03-23 18:41:37,0
1514,2022-03-23 18:41:40,0
1485,2022-03-23 18:41:43,0
1408,2022-03-23 18:41:45,0
1297,2022-03-23 18:41:48,0
1210,2022-03-23 18:41:51,0
1158,2022-03-23 18:41:54,0
1082,2022-03-23 18:41:57,0
1005,2022-03-23 18:42:00,0
1012,2022-03-23 18:42:03,0
983,2022-03-23 18:42:06,0
985,2022-03-23 18:42:08,0
979,2022-03-23 18:42:11,0
981,2022-03-23 18:42:14,0
957,2022-03-23 18:42:17,0
953,2022-03-23 18:42:20,0
885,2022-03-23 18:42:23,0
864,2022-03-23 18:42:26,0
1266,2022-03-23 18:42:29,0
1075,2022-03-23 18:42:32,0
1020,2022-03-23 18:42:34,0
1365,2022-03-23 18:42:37,0
1836,2022-03-23 18:42:40,0
1070,2022-03-23 18:42:43,0
1283,2022-03-23 18:42:46,0
1244,2022-03-23 18:42:49,0
908,2022-03-23 18:42:52,0
955,2022-03-23 18:42:55,0
1071,2022-03-23 18:42:57,0
1285,2022-03-23 18:43:00,0
1589,2022-03-23 18:43:03,0
1869,2022-03-23 18:43:06,0
2109,2022-03-23 18:43:09,0
2189,2022-03-23 18:43:12,0
2114,2022-03-23 18:43:15,0
1707,2022-03-23 18:43:18,0
1425,2022-03-23 18:43:21,0
1411,2022-03-23 18:43:23,0
1385,2022-03-23 18:43:26,0
1615,2022-03-23 18:43:29,0
1852,2022-03-23 18:43:32,0
1941,2022-03-23 18:43:35,0
1289,2022-03-23 18:43:38,0
1278,2022-03-23 18:43:41,0
1378,2022-03-23 18:43:43,0
1474,2022-03-23 18:43:46,0
1388,2022-03-23 18:43:49,0
1462,2022-03-23 18:43:52,0
1591,2022-03-23 18:43:55,0
1556,2022-03-23 18:43:58,0
1559,2022-03-23 18:44:01,0
1581,2022-03-23 18:44:04,0
1501,2022-03-23 18:44:06,0
1474,2022-03-23 18:44:09,0
1384,2022-03-23 18:44:12,0
1236,2022-03-23 18:44:15,0
1137,2022-03-23 18:44:18,0
1063,2022-03-23 18:44:21,0
1406,2022-03-23 18:44:24,0
1666,2022-03-23 18:44:27,0
1745,2022-03-23 18:44:29,0
1076,2022-03-23 18:44:32,0
946,2022-03-23 18:44:35,0
1141,2022-03-23 18:44:38,0
1299,2022-03-23 18:44:41,0
1654,2022-03-23 18:44:44,0
1984,2022-03-23 18:44:47,0
1992,2022-03-23 18:44:50,0
1864,2022-03-23 18:44:52,0
1840,2022-03-23 18:44:55,0
1815,2022-03-23 18:44:58,0
1878,2022-03-23 18:45:01,0
2000,2022-03-23 18:45:04,0
2020,2022-03-23 18:45:07,0
2006,2022-03-23 18:45:10,0
1659,2022-03-23 18:45:13,0
1570,2022-03-23 18:45:15,0
1802,2022-03-23 18:45:18,0
1917,2022-03-23 18:45:21,0
1919,2022-03-23 18:45:24,0
1940,2022-03-23 18:45:27,0
2149,2022-03-23 18:45:30,0
2151,2022-03-23 18:45:33,0
2119,2022-03-23 18:45:35,0
1412,2022-03-23 18:45:38,0
1179,2022-03-23 18:45:41,0
987,2022-03-23 18:45:44,0
1060,2022-03-23 18:45:47,0
1248,2022-03-23 18:45:50,0
1368,2022-03-23 18:45:53,0
1354,2022-03-23 18:45:56,0
1135,2022-03-23 18:45:58,0
1486,2022-03-23 18:46:01,0
1523,2022-03-23 18:46:04,0
1520,2022-03-23 18:46:07,0
1825,2022-03-23 18:46:10,0
2022,2022-03-23 18:46:13,0
1303,2022-03-23 18:46:16,0
1324,2022-03-23 18:46:19,0
1109,2022-03-23 18:46:22,0
926,2022-03-23 18:46:24,0
939,2022-03-23 18:46:27,0
1470,2022-03-23 18:46:30,0
1182,2022-03-23 18:46:33,0
859,2022-03-23 18:46:36,0
1005,2022-03-23 18:46:39,0
1227,2022-03-23 18:46:42,0
1403,2022-03-23 18:46:44,0
1712,2022-03-23 18:46:47,0
2292,2022-03-23 18:46:50,0
1334,2022-03-23 18:46:53,0
1404,2022-03-23 18:46:56,0
1439,2022-03-23 18:46:59,0
1532,2022-03-23 18:47:02,0
1325,2022-03-23 18:47:05,0
951,2022-03-23 18:47:07,0
1166,2022-03-23 18:47:10,0
2088,2022-03-23 18:47:13,0
1397,2022-03-23 18:47:16,0
1166,2022-03-23 18:47:19,0
912,2022-03-23 18:47:22,0
1226,2022-03-23 18:47:25,0
1436,2022-03-23 18:47:28,0
1910,2022-03-23 18:47:30,0
1098,2022-03-23 18:47:33,0
1156,2022-03-23 18:47:36,0
1312,2022-03-23 18:47:39,0
852,2022-03-23 18:47:42,0
913,2022-03-23 18:47:45,0
1252,2022-03-23 18:47:48,0
1303,2022-03-23 18:47:51,0
1009,2022-03-23 18:47:53,0
1013,2022-03-23 18:47:56,0
1120,2022-03-23 18:47:59,0
1355,2022-03-23 18:48:02,0
1699,2022-03-23 18:48:05,0
1886,2022-03-23 18:48:08,0
2005,2022-03-23 18:48:11,0
1702,2022-03-23 18:48:13,0
1275,2022-03-23 18:48:16,0
1024,2022-03-23 18:48:19,0
883,2022-03-23 18:48:22,0
936,2022-03-23 18:48:25,0
1366,2022-03-23 18:48:28,0
2194,2022-03-23 18:48:31,0
1784,2022-03-23 18:48:34,0
1526,2022-03-23 18:48:36,0
1904,2022-03-23 18:48:39,0
2222,2022-03-23 18:48:42,0
1491,2022-03-23 18:48:45,0
1561,2022-03-23 18:48:48,0
1490,2022-03-23 18:48:51,0
1386,2022-03-23 18:48:54,0
1595,2022-03-23 18:48:57,0
1800,2022-03-23 18:48:59,0
1146,2022-03-23 18:49:02,0
1222,2022-03-23 18:49:05,0
1520,2022-03-23 18:49:08,0
1407,2022-03-23 18:49:11,0
1391,2022-03-23 18:49:14,0
1550,2022-03-23 18:49:17,0
1508,2022-03-23 18:49:20,0
1106,2022-03-23 18:49:23,0
1288,2022-03-23 18:49:25,0
1554,2022-03-23 18:49:28,0
1460,2022-03-23 18:49:31,0
1452,2022-03-23 18:49:34,0
1276,2022-03-23 18:49:37,0
1582,2022-03-23 18:49:40,0
1747,2022-03-23 18:49:43,0
1446,2022-03-23 18:49:46,0
1616,2022-03-23 18:49:48,0
1796,2022-03-23 18:49:51,0
1605,2022-03-23 18:49:54,0
1619,2022-03-23 18:49:57,0
1623,2022-03-23 18:50:00,0
1836,2022-03-23 18:50:03,0
2137,2022-03-23 18:50:06,0
1630,2022-03-23 18:50:09,0
1745,2022-03-23 18:50:11,0
1117,2022-03-23 18:50:14,0
1303,2022-03-23 18:50:17,0
1142,2022-03-23 18:50:20,0
1048,2022-03-23 18:50:23,0
1112,2022-03-23 18:50:26,0
1031,2022-03-23 18:50:29,0
834,2022-03-23 18:50:32,0
1155,2022-03-23 18:50:34,0
1344,2022-03-23 18:50:37,0
1112,2022-03-23 18:50:40,0
1039,2022-03-23 18:50:43,0
1249,2022-03-23 18:50:46,0
1242,2022-03-23 18:50:49,0
1188,2022-03-23 18:50:52,0
1208,2022-03-23 18:50:54,0
1168,2022-03-23 18:50:57,0
1270,2022-03-23 18:51:00,0
1189,2022-03-23 18:51:03,0
1287,2022-03-23 18:51:06,0
1317,2022-03-23 18:51:09,0
1388,2022-03-23 18:51:12,0
1495,2022-03-23 18:51:15,0
1519,2022-03-23 18:51:17,0
1227,2022-03-23 18:51:20,0
1068,2022-03-23 18:51:23,0
1222,2022-03-23 18:51:26,0
1209,2022-03-23 18:51:29,0
1121,2022-03-23 18:51:32,0
1068,2022-03-23 18:51:35,0
1237,2022-03-23 18:51:38,0
1165,2022-03-23 18:51:40,0
869,2022-03-23 18:51:43,0
1152,2022-03-23 18:51:46,0
1237,2022-03-23 18:51:49,0
1288,2022-03-23 18:51:52,0
1340,2022-03-23 18:51:55,0
1203,2022-03-23 18:51:58,0
966,2022-03-23 18:52:00,0
1022,2022-03-23 18:52:03,0
1216,2022-03-23 18:52:06,0
1154,2022-03-23 18:52:09,0
1071,2022-03-23 18:52:12,0
1082,2022-03-23 18:52:15,0
1065,2022-03-23 18:52:18,0
966,2022-03-23 18:52:21,0
1013,2022-03-23 18:52:23,0
1045,2022-03-23 18:52:26,0
1055,2022-03-23 18:52:29,0
1005,2022-03-23 18:52:32,0
1241,2022-03-23 18:52:35,0
1257,2022-03-23 18:52:38,0
1006,2022-03-23 18:52:41,0
1078,2022-03-23 18:52:44,0
1182,2022-03-23 18:52:46,0
1245,2022-03-23 18:52:49,0
950,2022-03-23 18:52:52,0
987,2022-03-23 18:52:55,0
1018,2022-03-23 18:52:58,0
1032,2022-03-23 18:53:01,0
995,2022-03-23 18:53:04,0
1002,2022-03-23 18:53:06,0
1045,2022-03-23 18:53:09,0
977,2022-03-23 18:53:12,0
884,2022-03-23 18:53:15,0
893,2022-03-23 18:53:18,0
1808,2022-03-23 18:53:21,0
1241,2022-03-23 18:53:24,0
1487,2022-03-23 18:53:27,0
1554,2022-03-23 18:53:29,0
1068,2022-03-23 18:53:32,0
1200,2022-03-23 18:53:35,0
1646,2022-03-23 18:53:38,0
1882,2022-03-23 18:53:41,0
1265,2022-03-23 18:53:44,0
1480,2022-03-23 18:53:47,0
1524,2022-03-23 18:53:50,0
1061,2022-03-23 18:53:52,0
950,2022-03-23 18:53:55,0
950,2022-03-23 18:53:58,0
984,2022-03-23 18:54:01,0
1557,2022-03-23 18:54:04,0
960,2022-03-23 18:54:07,0
939,2022-03-23 18:54:10,0
902,2022-03-23 18:54:13,0
862,2022-03-23 18:54:15,0
970,2022-03-23 18:54:18,0
1505,2022-03-23 18:54:21,0
1962,2022-03-23 18:54:24,0
1319,2022-03-23 18:54:27,0
1320,2022-03-23 18:54:30,0
1371,2022-03-23 18:54:33,0
1418,2022-03-23 18:54:35,0
1394,2022-03-23 18:54:38,0
1449,2022-03-23 18:54:41,0
1553,2022-03-23 18:54:44,0
929,2022-03-23 18:54:47,0
961,2022-03-23 18:54:50,0
1187,2022-03-23 18:54:53,0
1522,2022-03-23 18:54:56,0
1660,2022-03-23 18:54:58,0
1325,2022-03-23 18:55:01,0
1277,2022-03-23 18:55:04,0
1624,2022-03-23 18:55:07,0
1819,2022-03-23 18:55:10,0
1425,2022-03-23 18:55:13,0
1237,2022-03-23 18:55:16,0
1372,2022-03-23 18:55:19,0
948,2022-03-23 18:55:21,0
952,2022-03-23 18:55:24,0
933,2022-03-23 18:55:27,0
1271,2022-03-23 18:55:30,0
1448,2022-03-23 18:55:33,0
1462,2022-03-23 18:55:36,0
1542,2022-03-23 18:55:39,0
1190,2022-03-23 18:55:42,0
1197,2022-03-23 18:55:44,0
1167,2022-03-23 18:55:47,0
1413,2022-03-23 18:55:50,0
1520,2022-03-23 18:55:53,0
1637,2022-03-23 18:55:56,0
1218,2022-03-23 18:55:59,0
975,2022-03-23 18:56:02,0
1301,2022-03-23 18:56:04,0
1553,2022-03-23 18:56:07,0
1681,2022-03-23 18:56:10,0
1001,2022-03-23 18:56:13,0
1319,2022-03-23 18:56:16,0
1416,2022-03-23 18:56:19,0
1286,2022-03-23 18:56:22,0
1326,2022-03-23 18:56:25,0
1502,2022-03-23 18:56:28,0
1511,2022-03-23 18:56:30,0
1404,2022-03-23 18:56:33,0
1665,2022-03-23 18:56:36,0
1670,2022-03-23 18:56:39,0
1175,2022-03-23 18:56:42,0
1024,2022-03-23 18:56:45,0
1351,2022-03-23 18:56:48,0
1526,2022-03-23 18:56:51,0
1597,2022-03-23 18:56:54,0
1465,2022-03-23 18:56:56,0
1548,2022-03-23 18:56:59,0
1404,2022-03-23 18:57:02,0
1124,2022-03-23 18:57:05,0
1151,2022-03-23 18:57:08,0
1272,2022-03-23 18:57:11,0
1507,2022-03-23 18:57:14,0
1300,2022-03-23 18:57:17,0
1543,2022-03-23 18:57:19,0
1544,2022-03-23 18:57:22,0
1434,2022-03-23 18:57:25,0
1352,2022-03-23 18:57:28,0
1011,2022-03-23 18:57:31,0
1004,2022-03-23 18:57:34,0
906,2022-03-23 18:57:37,0
1549,2022-03-23 18:57:40,0
945,2022-03-23 18:57:42,0
1218,2022-03-23 18:57:45,0
1922,2022-03-23 18:57:48,0
1224,2022-03-23 18:57:51,0
1230,2022-03-23 18:57:54,0
882,2022-03-23 18:57:57,0
819,2022-03-23 18:58:00,0
920,2022-03-23 18:58:03,0
1292,2022-03-23 18:58:05,0
2007,2022-03-23 18:58:08,0
1391,2022-03-23 18:58:11,0
1591,2022-03-23 18:58:14,0
1558,2022-03-23 18:58:17,0
1594,2022-03-23 18:58:20,0
1674,2022-03-23 18:58:23,0
1651,2022-03-23 18:58:26,0
1498,2022-03-23 18:58:29,0
1518,2022-03-23 18:58:31,0
1603,2022-03-23 18:58:34,0
1451,2022-03-23 18:58:37,0
1409,2022-03-23 18:58:40,0
1446,2022-03-23 18:58:43,0
961,2022-03-23 18:58:46,0
1346,2022-03-23 18:58:49,0
1868,2022-03-23 18:58:52,0
1218,2022-03-23 18:58:54,0
1355,2022-03-23 18:58:57,0
1328,2022-03-23 18:59:00,0
1481,2022-03-23 18:59:03,0
1560,2022-03-23 18:59:06,0
1589,2022-03-23 18:59:09,0
1836,2022-03-23 18:59:12,0
1266,2022-03-23 18:59:14,0
1389,2022-03-23 18:59:17,0
1482,2022-03-23 18:59:20,0
1280,2022-03-23 18:59:23,0
1276,2022-03-23 18:59:26,0
1177,2022-03-23 18:59:29,0
1001,2022-03-23 18:59:32,0
942,2022-03-23 18:59:35,0
1960,2022-03-23 18:59:37,0
1533,2022-03-23 18:59:40,0
1395,2022-03-23 18:59:43,0
1080,2022-03-23 18:59:46,0
940,2022-03-23 18:59:49,0
1619,2022-03-23 18:59:52,0
1741,2022-03-23 18:59:55,0
1382,2022-03-23 18:59:58,0
1635,2022-03-23 19:00:00,0
1761,2022-03-23 19:00:03,0
1833,2022-03-23 19:00:06,0
1484,2022-03-23 19:00:09,0
1316,2022-03-23 19:00:12,0
1293,2022-03-23 19:00:15,0
1062,2022-03-23 19:00:18,0
1067,2022-03-23 19:00:21,0
1248,2022-03-23 19:00:23,0
923,2022-03-23 19:00:26,0
1699,2022-03-23 19:00:29,0
1071,2022-03-23 19:00:32,0
1163,2022-03-23 19:00:35,0
1489,2022-03-23 19:00:38,0
1606,2022-03-23 19:00:41,0
1330,2022-03-23 19:00:43,0
1263,2022-03-23 19:00:46,0
1465,2022-03-23 19:00:49,0
1570,2022-03-23 19:00:52,0
1449,2022-03-23 19:00:55,0
1109,2022-03-23 19:00:58,0
883,2022-03-23 19:01:01,0
1014,2022-03-23 19:01:04,0
1205,2022-03-23 19:01:06,0
1674,2022-03-23 19:01:09,0
1134,2022-03-23 19:01:12,0
1137,2022-03-23 19:01:15,0
1192,2022-03-23 19:01:18,0
1062,2022-03-23 19:01:21,0
925,2022-03-23 19:01:24,0
1245,2022-03-23 19:01:27,0
954,2022-03-23 19:01:29,0
998,2022-03-23 19:01:32,0
2146,2022-03-23 19:01:35,0
1462,2022-03-23 19:01:38,0
1515,2022-03-23 19:01:41,0
1483,2022-03-23 19:01:44,0
1500,2022-03-23 19:01:47,0
1810,2022-03-23 19:01:50,0
1768,2022-03-23 19:01:52,0
964,2022-03-23 19:01:55,0
1575,2022-03-23 19:01:58,0
1512,2022-03-23 19:02:01,0
1632,2022-03-23 19:02:04,0
969,2022-03-23 19:02:07,0
1398,2022-03-23 19:02:10,0
1339,2022-03-23 19:02:12,0
1299,2022-03-23 19:02:15,0
1559,2022-03-23 19:02:18,0
1859,2022-03-23 19:02:21,0
999,2022-03-23 19:02:24,0
1001,2022-03-23 19:02:27,0
1000,2022-03-23 19:02:30,0
999,2022-03-23 19:02:33,0
998,2022-03-23 19:02:35,0
998,2022-03-23 19:02:38,0
1001,2022-03-23 19:02:41,0
1669,2022-03-23 19:02:44,0
927,2022-03-23 19:02:47,0
912,2022-03-23 19:02:50,0
1073,2022-03-23 19:02:53,0
1125,2022-03-23 19:02:56,0
1639,2022-03-23 19:02:58,0
1269,2022-03-23 19:03:01,0
1286,2022-03-23 19:03:04,0
943,2022-03-23 19:03:07,0
929,2022-03-23 19:03:10,0
1658,2022-03-23 19:03:13,0
1399,2022-03-23 19:03:16,0
1466,2022-03-23 19:03:18,0
974,2022-03-23 19:03:21,0
1825,2022-03-23 19:03:24,0
1406,2022-03-23 19:03:27,0
1414,2022-03-23 19:03:30,0
982,2022-03-23 19:03:33,0
1256,2022-03-23 19:03:36,0
1575,2022-03-23 19:03:39,0
1509,2022-03-23 19:03:41,0
1174,2022-03-23 19:03:44,0
911,2022-03-23 19:03:47,0
764,2022-03-23 19:03:50,0
1333,2022-03-23 19:03:53,0
968,2022-03-23 19:03:56,0
970,2022-03-23 19:03:59,0
903,2022-03-23 19:04:02,0
988,2022-03-23 19:04:04,0
1298,2022-03-23 19:04:07,0
1428,2022-03-23 19:04:10,0
1365,2022-03-23 19:04:13,0
1333,2022-03-23 19:04:16,0
1231,2022-03-23 19:04:19,0
1468,2022-03-23 19:04:22,0
1493,2022-03-23 19:04:25,0
1588,2022-03-23 19:04:27,0
1775,2022-03-23 19:04:30,0
990,2022-03-23 19:04:33,0
999,2022-03-23 19:04:36,0
1191,2022-03-23 19:04:39,0
1292,2022-03-23 19:04:42,0
1065,2022-03-23 19:04:45,0
927,2022-03-23 19:04:48,0
966,2022-03-23 19:04:50,0
959,2022-03-23 19:04:53,0
1042,2022-03-23 19:04:56,0
1154,2022-03-23 19:04:59,0
1371,2022-03-23 19:05:02,0
1407,2022-03-23 19:05:05,0
1163,2022-03-23 19:05:08,0
1202,2022-03-23 19:05:11,0
1484,2022-03-23 19:05:13,0
1634,2022-03-23 19:05:16,0
1502,2022-03-23 19:05:19,0
1430,2022-03-23 19:05:22,0
1876,2022-03-23 19:05:25,0
1388,2022-03-23 19:05:28,0
1444,2022-03-23 19:05:31,0
1585,2022-03-23 19:05:33,0
1633,2022-03-23 19:05:36,0
1504,2022-03-23 19:05:39,0
1306,2022-03-23 19:05:42,0
1322,2022-03-23 19:05:45,0
1426,2022-03-23 19:05:48,0
1515,2022-03-23 19:05:51,0
1651,2022-03-23 19:05:54,0
1876,2022-03-23 19:05:56,0
1921,2022-03-23 19:05:59,0
1931,2022-03-23 19:06:02,0
1933,2022-03-23 19:06:05,0
1968,2022-03-23 19:06:08,0
1765,2022-03-23 19:06:11,0
1594,2022-03-23 19:06:14,0
1707,2022-03-23 19:06:17,0
1435,2022-03-23 19:06:19,0
1000,2022-03-23 19:06:22,0
997,2022-03-23 19:06:25,0
948,2022-03-23 19:06:28,0
924,2022-03-23 19:06:31,0
975,2022-03-23 19:06:34,0
829,2022-03-23 19:06:37,0
1250,2022-03-23 19:06:40,0
930,2022-03-23 19:06:42,0
943,2022-03-23 19:06:45,0
1293,2022-03-23 19:06:48,0
953,2022-03-23 19:06:51,0
953,2022-03-23 19:06:54,0
1267,2022-03-23 19:06:57,0
1619,2022-03-23 19:07:00,0
1694,2022-03-23 19:07:02,0
1772,2022-03-23 19:07:05,0
1827,2022-03-23 19:07:08,0
1634,2022-03-23 19:07:11,0
1489,2022-03-23 19:07:14,0
999,2022-03-23 19:07:17,0
1003,2022-03-23 19:07:20,0
990,2022-03-23 19:07:23,0
917,2022-03-23 19:07:25,0
1475,2022-03-23 19:07:28,0
1121,2022-03-23 19:07:31,0
950,2022-03-23 19:07:34,0
950,2022-03-23 19:07:37,0
1859,2022-03-23 19:07:40,0
1310,2022-03-23 19:07:43,0
1477,2022-03-23 19:07:46,0
1341,2022-03-23 19:07:48,0
1254,2022-03-23 19:07:51,0
989,2022-03-23 19:07:54,0
951,2022-03-23 19:07:57,0
950,2022-03-23 19:08:00,0
1119,2022-03-23 19:08:03,0
1328,2022-03-23 19:08:06,0
1375,2022-03-23 19:08:09,0
1441,2022-03-23 19:08:11,0
1561,2022-03-23 19:08:14,0
1531,2022-03-23 19:08:17,0
1510,2022-03-23 19:08:20,0
1463,2022-03-23 19:08:23,0
995,2022-03-23 19:08:26,0
951,2022-03-23 19:08:29,0
1735,2022-03-23 19:08:31,0
1261,2022-03-23 19:08:34,0
1595,2022-03-23 19:08:37,0
1153,2022-03-23 19:08:40,0
1159,2022-03-23 19:08:43,0
1005,2022-03-23 19:08:46,0
1168,2022-03-23 19:08:49,0
1206,2022-03-23 19:08:52,0
1361,2022-03-23 19:08:54,0
1408,2022-03-23 19:08:57,0
1280,2022-03-23 19:09:00,0
1201,2022-03-23 19:09:03,0
912,2022-03-23 19:09:06,0
967,2022-03-23 19:09:09,0
1060,2022-03-23 19:09:12,0
1094,2022-03-23 19:09:15,0
1174,2022-03-23 19:09:17,0
1235,2022-03-23 19:09:20,0
1178,2022-03-23 19:09:23,0
1258,2022-03-23 19:09:26,0
1195,2022-03-23 19:09:29,0
954,2022-03-23 19:09:32,0
950,2022-03-23 19:09:35,0
947,2022-03-23 19:09:37,0
953,2022-03-23 19:09:40,0
1608,2022-03-23 19:09:43,0
1113,2022-03-23 19:09:46,0
1219,2022-03-23 19:09:49,0
1397,2022-03-23 19:09:52,0
1574,2022-03-23 19:09:55,0
1553,2022-03-23 19:09:58,0
1507,2022-03-23 19:10:00,0
1432,2022-03-23 19:10:03,0
950,2022-03-23 19:10:06,0
873,2022-03-23 19:10:09,0
1179,2022-03-23 19:10:12,0
2187,2022-03-23 19:10:15,0
1494,2022-03-23 19:10:18,0
1788,2022-03-23 19:10:21,0
1346,2022-03-23 19:10:23,0
1424,2022-03-23 19:10:26,0
1412,2022-03-23 19:10:29,0
992,2022-03-23 19:10:32,0
974,2022-03-23 19:10:35,0
1696,2022-03-23 19:10:38,0
896,2022-03-23 19:10:41,0
839,2022-03-23 19:10:44,0
1284,2022-03-23 19:10:46,0
1329,2022-03-23 19:10:49,0
2228,2022-03-23 19:10:52,0
1688,2022-03-23 19:10:55,0
2232,2022-03-23 19:10:58,0
1763,2022-03-23 19:11:01,0
2057,2022-03-23 19:11:04,0
1678,2022-03-23 19:11:06,0
1599,2022-03-23 19:11:09,0
1531,2022-03-23 19:11:12,0
1458,2022-03-23 19:11:15,0
1417,2022-03-23 19:11:18,0
1354,2022-03-23 19:11:21,0
1317,2022-03-23 19:11:24,0
1290,2022-03-23 19:11:27,0
1329,2022-03-23 19:11:29,0
1334,2022-03-23 19:11:32,0
1352,2022-03-23 19:11:35,0
1308,2022-03-23 19:11:38,0
1321,2022-03-23 19:11:41,0
1309,2022-03-23 19:11:44,0
1323,2022-03-23 19:11:47,0
1359,2022-03-23 19:11:50,0
1422,2022-03-23 19:11:52,0
1464,2022-03-23 19:11:55,0
1394,2022-03-23 19:11:58,0
1324,2022-03-23 19:12:01,0
1291,2022-03-23 19:12:04,0
1341,2022-03-23 19:12:07,0
1381,2022-03-23 19:12:10,0
1434,2022-03-23 19:12:13,0
1496,2022-03-23 19:12:15,0
1455,2022-03-23 19:12:18,0
1440,2022-03-23 19:12:21,0
1383,2022-03-23 19:12:24,0
1300,2022-03-23 19:12:27,0
1340,2022-03-23 19:12:30,0
1387,2022-03-23 19:12:33,0
1383,2022-03-23 19:12:36,0
1375,2022-03-23 19:12:38,0
1422,2022-03-23 19:12:41,0
1442,2022-03-23 19:12:44,0
1445,2022-03-23 19:12:47,0
1446,2022-03-23 19:12:50,0
1455,2022-03-23 19:12:53,0
1469,2022-03-23 19:12:56,0
1415,2022-03-23 19:12:58,0
1326,2022-03-23 19:13:01,0
1321,2022-03-23 19:13:04,0
1353,2022-03-23 19:13:07,0
1406,2022-03-23 19:13:10,0
1429,2022-03-23 19:13:13,0
1406,2022-03-23 19:13:16,0
1361,2022-03-23 19:13:19,0
1344,2022-03-23 19:13:21,0
1346,2022-03-23 19:13:24,0
1379,2022-03-23 19:13:27,0
1409,2022-03-23 19:13:30,0
1453,2022-03-23 19:13:33,0
1421,2022-03-23 19:13:36,0
1401,2022-03-23 19:13:39,0
1368,2022-03-23 19:13:42,0
1351,2022-03-23 19:13:45,0
1362,2022-03-23 19:13:47,0
1387,2022-03-23 19:13:50,0
1422,2022-03-23 19:13:53,0
1448,2022-03-23 19:13:56,0
1483,2022-03-23 19:13:59,0
1501,2022-03-23 19:14:02,0
1423,2022-03-23 19:14:05,0
1378,2022-03-23 19:14:08,0
1413,2022-03-23 19:14:10,0
1454,2022-03-23 19:14:13,0
1425,2022-03-23 19:14:16,0
1426,2022-03-23 19:14:19,0
1414,2022-03-23 19:14:22,0
1349,2022-03-23 19:14:25,0
1361,2022-03-23 19:14:28,0
1304,2022-03-23 19:14:31,0
1259,2022-03-23 19:14:34,0
1240,2022-03-23 19:14:36,0
984,2022-03-23 19:14:39,0
998,2022-03-23 19:14:42,0
1045,2022-03-23 19:14:45,0
1141,2022-03-23 19:14:48,0
1240,2022-03-23 19:14:51,0
1361,2022-03-23 19:14:54,0
1453,2022-03-23 19:14:57,0
1550,2022-03-23 19:14:59,0
1655,2022-03-23 19:15:02,0
1731,2022-03-23 19:15:05,0
1646,2022-03-23 19:15:08,0
1614,2022-03-23 19:15:11,0
1635,2022-03-23 19:15:14,0
1694,2022-03-23 19:15:17,0
1752,2022-03-23 19:15:20,0
1722,2022-03-23 19:15:22,0
1688,2022-03-23 19:15:25,0
1655,2022-03-23 19:15:28,0
1678,2022-03-23 19:15:31,0
1723,2022-03-23 19:15:34,0
1766,2022-03-23 19:15:37,0
1798,2022-03-23 19:15:40,0
1834,2022-03-23 19:15:43,0
1855,2022-03-23 19:15:45,0
1876,2022-03-23 19:15:48,0
1894,2022-03-23 19:15:51,0
1543,2022-03-23 19:15:54,0
1331,2022-03-23 19:15:57,0
1177,2022-03-23 19:16:00,0
1150,2022-03-23 19:16:03,0
1138,2022-03-23 19:16:06,0
1083,2022-03-23 19:16:08,0
962,2022-03-23 19:16:11,0
1165,2022-03-23 19:16:14,0
1094,2022-03-23 19:16:17,0
1028,2022-03-23 19:16:20,0
997,2022-03-23 19:16:23,0
942,2022-03-23 19:16:26,0
896,2022-03-23 19:16:29,0
836,2022-03-23 19:16:31,0
908,2022-03-23 19:16:34,0
1485,2022-03-23 19:16:37,0
1167,2022-03-23 19:16:40,0
1179,2022-03-23 19:16:43,0
1219,2022-03-23 19:16:46,0
1276,2022-03-23 19:16:49,0
1378,2022-03-23 19:16:51,0
1382,2022-03-23 19:16:54,0
1333,2022-03-23 19:16:57,0
993,2022-03-23 19:17:00,0
947,2022-03-23 19:17:03,0
987,2022-03-23 19:17:06,0
1412,2022-03-23 19:17:09,0
1045,2022-03-23 19:17:12,0
1199,2022-03-23 19:17:14,0
1228,2022-03-23 19:17:17,0
1239,2022-03-23 19:17:20,0
1284,2022-03-23 19:17:23,0
1442,2022-03-23 19:17:26,0
1796,2022-03-23 19:17:29,0
1740,2022-03-23 19:17:32,0
1089,2022-03-23 19:17:35,0
1000,2022-03-23 19:17:37,0
818,2022-03-23 19:17:40,0
1008,2022-03-23 19:17:43,0
919,2022-03-23 19:17:46,0
1000,2022-03-23 19:17:49,0
969,2022-03-23 19:17:52,0
899,2022-03-23 19:17:55,0
841,2022-03-23 19:17:58,0
1254,2022-03-23 19:18:00,0
1474,2022-03-23 19:18:03,0
1524,2022-03-23 19:18:06,0
883,2022-03-23 19:18:09,0
1610,2022-03-23 19:18:12,0
1143,2022-03-23 19:18:15,0
1107,2022-03-23 19:18:18,0
988,2022-03-23 19:18:21,0
942,2022-03-23 19:18:23,0
912,2022-03-23 19:18:26,0
1140,2022-03-23 19:18:29,0
849,2022-03-23 19:18:32,0
889,2022-03-23 19:18:35,0
897,2022-03-23 19:18:38,0
900,2022-03-23 19:18:41,0
862,2022-03-23 19:18:44,0
838,2022-03-23 19:18:46,0
910,2022-03-23 19:18:49,0
928,2022-03-23 19:18:52,0
862,2022-03-23 19:18:55,0
845,2022-03-23 19:18:58,0
788,2022-03-23 19:19:01,0
777,2022-03-23 19:19:04,0
728,2022-03-23 19:19:07,0
782,2022-03-23 19:19:09,0
750,2022-03-23 19:19:12,0
776,2022-03-23 19:19:15,0
776,2022-03-23 19:19:18,0
807,2022-03-25 16:27:44,0
803,2022-03-25 16:27:47,0
807,2022-03-25 16:27:50,0
811,2022-03-25 16:27:54,0
807,2022-03-25 16:27:57,0
777,2022-03-25 16:28:00,0
1034,2022-03-25 16:28:04,0
845,2022-03-25 16:28:07,0
845,2022-03-25 16:28:10,0
850,2022-03-25 16:28:14,0
948,2022-03-25 16:28:17,0
752,2022-03-25 16:28:20,0
891,2022-03-25 16:28:24,0
902,2022-03-25 16:28:27,0
884,2022-03-25 16:28:30,0
908,2022-03-25 16:28:34,0
1005,2022-03-25 16:28:37,0
1139,2022-03-25 16:28:40,0
942,2022-03-25 16:28:44,0
874,2022-03-25 16:28:47,0
749,2022-03-25 16:28:50,0
847,2022-03-25 16:28:54,0
1026,2022-03-25 16:28:57,0
1715,2022-03-25 16:29:00,0
935,2022-03-25 16:29:04,0
923,2022-03-25 16:29:07,0
1214,2022-03-25 16:29:10,0
1686,2022-03-25 16:29:13,0
929,2022-03-25 16:29:17,0
828,2022-03-25 16:29:20,0
940,2022-03-25 16:29:23,0
1285,2022-03-25 16:29:27,0
1250,2022-03-25 16:29:30,0
1558,2022-03-25 16:29:33,0
1433,2022-03-25 16:29:37,0
1125,2022-03-25 16:29:40,0
1097,2022-03-25 16:29:43,0
993,2022-03-25 16:29:47,0
767,2022-03-25 16:29:50,0
1186,2022-03-25 16:29:53,0
1477,2022-03-25 16:29:57,0
1621,2022-03-25 16:30:00,0
1075,2022-03-25 16:30:03,0
927,2022-03-25 16:30:07,0
893,2022-03-25 16:30:10,0
717,2022-03-25 16:30:13,0
953,2022-03-25 16:30:17,0
902,2022-03-25 16:30:20,0
896,2022-03-25 16:30:23,0
1152,2022-03-25 16:30:27,0
814,2022-03-25 16:30:30,0
708,2022-03-25 16:30:33,0
766,2022-03-25 16:30:37,0
922,2022-03-25 16:30:40,0
1332,2022-03-25 16:30:43,0
1034,2022-03-25 16:30:47,0
1378,2022-03-25 16:30:50,0
862,2022-03-25 16:30:53,0
1088,2022-03-25 16:30:56,0
1863,2022-03-25 16:31:00,0
1792,2022-03-25 16:31:03,0
1095,2022-03-25 16:31:06,0
1135,2022-03-25 16:31:10,0
965,2022-03-25 16:31:13,0
1122,2022-03-25 16:31:16,0
1236,2022-03-25 16:31:20,0
1468,2022-03-25 16:31:23,0
1488,2022-03-25 16:31:26,0
1408,2022-03-25 16:31:30,0
1294,2022-03-25 16:31:33,0
1171,2022-03-25 16:31:36,0
1212,2022-03-25 16:31:40,0
1188,2022-03-25 16:31:43,0
1147,2022-03-25 16:31:46,0
954,2022-03-25 16:31:50,0
1174,2022-03-25 16:31:53,0
931,2022-03-25 16:31:56,0
1394,2022-03-25 16:32:00,0
1192,2022-03-25 16:32:03,0
1805,2022-03-25 16:32:06,0
1118,2022-03-25 16:32:10,0
921,2022-03-25 16:32:13,0
960,2022-03-25 16:32:16,0
950,2022-03-25 16:32:19,0
923,2022-03-25 16:32:23,0
981,2022-03-25 16:32:26,0
964,2022-03-25 16:32:29,0
937,2022-03-25 16:32:33,0
924,2022-03-25 16:32:36,0
935,2022-03-25 16:32:39,0
985,2022-03-25 16:32:43,0
1066,2022-03-25 16:32:46,0
1082,2022-03-25 16:32:49,0
982,2022-03-25 16:32:53,0
876,2022-03-25 16:32:56,0
1004,2022-03-25 16:32:59,0
1175,2022-03-25 16:33:03,0
919,2022-03-25 16:33:06,0
915,2022-03-25 16:33:10,0
963,2022-03-25 16:33:13,0
1154,2022-03-25 16:33:16,0
1263,2022-03-25 16:33:20,0
956,2022-03-25 16:33:23,0
890,2022-03-25 16:33:26,0
1170,2022-03-25 16:33:30,0
908,2022-03-25 16:33:33,0
939,2022-03-25 16:33:36,0
899,2022-03-25 16:33:40,0
823,2022-03-25 16:33:43,0
798,2022-03-25 16:33:46,0
946,2022-03-25 16:33:50,0
1076,2022-03-25 16:33:53,0
849,2022-03-25 16:33:57,0
931,2022-03-25 16:34:00,0
899,2022-03-25 16:34:03,0
950,2022-03-25 16:34:07,0
885,2022-03-25 16:34:10,0
835,2022-03-25 16:34:13,0
826,2022-03-25 16:34:17,0
782,2022-03-25 16:34:20,0
782,2022-03-25 16:34:23,0
1849,2022-03-25 16:34:27,0
1693,2022-03-25 16:34:30,0
1320,2022-03-25 16:34:33,0
1255,2022-03-25 16:34:37,0
1187,2022-03-25 16:34:40,0
1329,2022-03-25 16:34:43,0
1437,2022-03-25 16:34:47,0
1420,2022-03-25 16:34:50,0
1425,2022-03-25 16:34:53,0
1425,2022-03-25 16:34:57,0
996,2022-03-25 16:35:00,0
947,2022-03-25 16:35:03,0
875,2022-03-25 16:35:07,0
0,2022-03-25 16:35:10,0
0,2022-03-25 16:35:13,0
0,2022-03-25 16:35:17,0
0,2022-03-25 16:35:20,0
0,2022-03-25 16:35:23,0
0,2022-03-25 16:35:27,0
0,2022-03-25 16:35:30,0
0,2022-03-25 16:35:33,0
0,2022-03-25 16:35:36,0
794,2022-03-25 16:35:40,0
766,2022-03-25 16:35:43,0
783,2022-03-25 16:35:46,0
834,2022-03-25 16:35:50,0
1788,2022-03-25 16:35:53,0
1107,2022-03-25 16:35:56,0
1838,2022-03-25 16:36:00,0
1178,2022-03-25 16:36:03,0
1382,2022-03-25 16:36:06,0
956,2022-03-25 16:36:10,0
982,2022-03-25 16:36:13,0
1096,2022-03-25 16:36:16,0
906,2022-03-25 16:36:20,0
909,2022-03-25 16:36:23,0
831,2022-03-25 16:36:26,0
102,2022-03-25 16:36:30,0
0,2022-03-25 16:36:33,0
0,2022-03-25 16:36:36,0
0,2022-03-25 16:36:40,0
0,2022-03-25 16:36:43,0
0,2022-03-25 16:36:46,0
0,2022-03-25 16:36:50,0
0,2022-03-25 16:36:53,0
0,2022-03-25 16:36:56,0
0,2022-03-25 16:37:00,0
0,2022-03-25 16:37:03,0
0,2022-03-25 16:37:06,0
0,2022-03-25 16:37:10,0
0,2022-03-25 16:37:13,0
0,2022-03-25 16:37:16,0
0,2022-03-25 16:37:19,0
0,2022-03-25 16:37:23,0
0,2022-03-25 16:37:26,0
0,2022-03-25 16:37:29,0
0,2022-03-25 16:37:33,0
0,2022-03-25 16:37:36,0
0,2022-03-25 16:37:39,0
0,2022-03-25 16:37:43,0
0,2022-03-25 16:37:46,0
0,2022-03-25 16:37:49,0
0,2022-03-25 16:37:53,0
0,2022-03-25 16:37:56,0
0,2022-03-25 16:37:59,0
0,2022-03-25 16:38:03,0
0,2022-03-25 16:38:06,0
0,2022-03-25 16:38:09,0
0,2022-03-25 16:38:13,0
0,2022-03-25 16:38:16,0
0,2022-03-25 16:38:19,0
0,2022-03-25 16:38:23,0
0,2022-03-25 16:38:26,0
0,2022-03-25 16:38:29,0
0,2022-03-25 16:38:33,0
0,2022-03-25 16:38:36,0
1137,2022-03-25 16:38:39,0
2146,2022-03-25 16:38:43,0
1535,2022-03-25 16:38:46,0
1394,2022-03-25 16:38:49,0
1095,2022-03-25 16:38:53,0
1202,2022-03-25 16:38:56,0
1159,2022-03-25 16:38:59,0
1085,2022-03-25 16:39:03,0
943,2022-03-25 16:39:06,0
913,2022-03-25 16:39:09,0
899,2022-03-25 16:39:13,0
1096,2022-03-25 16:39:16,0
872,2022-03-25 16:39:19,0
1156,2022-03-25 16:39:23,0
1285,2022-03-25 16:39:26,0
1222,2022-03-25 16:39:29,0
1114,2022-03-25 16:39:33,0
1145,2022-03-25 16:39:36,0
1053,2022-03-25 16:39:39,0
948,2022-03-25 16:39:43,0
925,2022-03-25 16:39:46,0
967,2022-03-25 16:39:49,0
960,2022-03-25 16:39:53,0
1039,2022-03-25 16:39:56,0
1592,2022-03-25 16:39:59,0
1526,2022-03-25 16:40:03,0
1276,2022-03-25 16:40:06,0
1146,2022-03-25 16:40:09,0
989,2022-03-25 16:40:13,0
1094,2022-03-25 16:40:16,0
795,2022-03-25 16:40:19,0
1112,2022-03-25 16:40:23,0
1028,2022-03-25 16:40:26,0
908,2022-03-25 16:40:29,0
913,2022-03-25 16:40:33,0
792,2022-03-25 16:40:36,0
982,2022-03-25 16:40:39,0
942,2022-03-25 16:40:42,0
857,2022-03-25 16:40:46,0
883,2022-03-25 16:40:49,0
910,2022-03-25 16:40:52,0
881,2022-03-25 16:40:56,0
893,2022-03-25 16:40:59,0
871,2022-03-25 16:41:02,0
777,2022-03-25 16:41:06,0
888,2022-03-25 16:41:09,0
871,2022-03-25 16:41:12,0
844,2022-03-25 16:41:16,0
825,2022-03-25 16:41:19,0
852,2022-03-25 16:41:22,0
777,2022-03-25 16:41:26,0
334,2022-03-25 16:41:29,0
832,2022-03-26 20:12:44,0
826,2022-03-26 20:12:47,0
829,2022-03-26 20:12:50,0
785,2022-03-26 20:12:54,0
778,2022-03-26 20:12:57,0
781,2022-03-26 20:13:00,0
860,2022-03-26 20:13:04,0
892,2022-03-26 20:13:07,0
862,2022-03-26 20:13:10,0
899,2022-03-26 20:13:14,0
1138,2022-03-26 20:13:17,0
891,2022-03-26 20:13:20,0
932,2022-03-26 20:13:24,0
882,2022-03-26 20:13:27,0
1185,2022-03-26 20:13:30,0
1062,2022-03-26 20:13:34,0
1159,2022-03-26 20:13:37,0
1650,2022-03-26 20:13:40,0
948,2022-03-26 20:13:44,0
911,2022-03-26 20:13:47,0
1374,2022-03-26 20:13:50,0
1938,2022-03-26 20:13:54,0
933,2022-03-26 20:13:57,0
947,2022-03-26 20:14:00,0
895,2022-03-26 20:14:04,0
1235,2022-03-26 20:14:07,0
993,2022-03-26 20:14:10,0
1169,2022-03-26 20:14:13,0
1376,2022-03-26 20:14:17,0
1464,2022-03-26 20:14:20,0
1432,2022-03-26 20:14:23,0
1522,2022-03-26 20:14:27,0
1588,2022-03-26 20:14:30,0
1684,2022-03-26 20:14:33,0
1637,2022-03-26 20:14:37,0
924,2022-03-26 20:14:40,0
943,2022-03-26 20:14:43,0
1983,2022-03-26 20:14:47,0
2043,2022-03-26 20:14:50,0
1675,2022-03-26 20:14:53,0
1267,2022-03-26 20:14:57,0
1307,2022-03-26 20:15:00,0
1201,2022-03-26 20:15:03,0
1185,2022-03-26 20:15:07,0
1289,2022-03-26 20:15:10,0
1342,2022-03-26 20:15:13,0
1004,2022-03-26 20:15:17,0
933,2022-03-26 20:15:20,0
849,2022-03-26 20:15:23,0
2323,2022-03-26 20:15:27,0
1935,2022-03-26 20:15:30,0
1645,2022-03-26 20:15:33,0
1570,2022-03-26 20:15:37,0
1521,2022-03-26 20:15:40,0
1710,2022-03-26 20:15:43,0
1270,2022-03-26 20:15:47,0
1622,2022-03-26 20:15:50,0
1615,2022-03-26 20:15:53,0
1626,2022-03-26 20:15:57,0
1561,2022-03-26 20:16:00,0
1576,2022-03-26 20:16:03,0
1589,2022-03-26 20:16:07,0
1557,2022-03-26 20:16:10,0
1728,2022-03-26 20:16:13,0
1703,2022-03-26 20:16:17,0
1293,2022-03-26 20:16:20,0
950,2022-03-26 20:16:23,0
1017,2022-03-26 20:16:27,0
1056,2022-03-26 20:16:30,0
1028,2022-03-26 20:16:33,0
966,2022-03-26 20:16:36,0
898,2022-03-26 20:16:40,0
899,2022-03-26 20:16:43,0
1069,2022-03-26 20:16:46,0
1049,2022-03-26 20:16:50,0
1195,2022-03-26 20:16:53,0
1486,2022-03-26 20:16:56,0
1088,2022-03-26 20:17:00,0
1188,2022-03-26 20:17:03,0
1097,2022-03-26 20:17:06,0
996,2022-03-26 20:17:10,0
1076,2022-03-26 20:17:13,0
1048,2022-03-26 20:17:16,0
1130,2022-03-26 20:17:20,0
1193,2022-03-26 20:17:23,0
1225,2022-03-26 20:17:26,0
1244,2022-03-26 20:17:30,0
1105,2022-03-26 20:17:33,0
974,2022-03-26 20:17:36,0
1770,2022-03-26 20:17:40,0
1352,2022-03-26 20:17:43,0
1134,2022-03-26 20:17:46,0
1072,2022-03-26 20:17:50,0
936,2022-03-26 20:17:53,0
944,2022-03-26 20:17:56,0
1127,2022-03-26 20:18:00,0
886,2022-03-26 20:18:03,0
895,2022-03-26 20:18:06,0
844,2022-03-26 20:18:10,0
949,2022-03-26 20:18:13,0
831,2022-03-26 20:18:16,0
994,2022-03-26 20:18:20,0
861,2022-03-26 20:18:23,0
806,2022-03-26 20:18:26,0
0,2022-03-26 20:18:30,0
0,2022-03-26 20:18:33,0
0,2022-03-26 20:18:36,0
0,2022-03-26 20:18:40,0
0,2022-03-26 20:18:43,0
0,2022-03-26 20:18:46,0
0,2022-03-26 20:18:50,0
0,2022-03-26 20:18:53,0
0,2022-03-26 20:18:57,0
0,2022-03-26 20:19:00,0
0,2022-03-26 20:19:03,0
0,2022-03-26 20:19:07,0
0,2022-03-26 20:19:10,0
0,2022-03-26 20:19:13,0
0,2022-03-26 20:19:17,0
0,2022-03-26 20:19:20,0
0,2022-03-26 20:19:23,0
0,2022-03-26 20:19:27,0
0,2022-03-26 20:19:30,0
0,2022-03-26 20:19:34,0
0,2022-03-26 20:19:37,0
0,2022-03-26 20:19:40,0
0,2022-03-26 20:19:44,0
0,2022-03-26 20:19:47,0
0,2022-03-26 20:19:50,0
0,2022-03-26 20:19:54,0
0,2022-03-26 20:19:57,0
0,2022-03-26 20:20:00,0
0,2022-03-26 20:20:04,0
0,2022-03-26 20:20:07,0
0,2022-03-26 20:20:10,0
0,2022-03-26 20:20:14,0
0,2022-03-26 20:20:17,0
0,2022-03-26 20:20:20,0
0,2022-03-26 20:20:23,0
0,2022-03-26 20:20:27,0
0,2022-03-26 20:20:30,0
0,2022-03-26 20:20:33,0
0,2022-03-26 20:20:37,0
0,2022-03-26 20:20:40,0
0,2022-03-26 20:20:43,0
0,2022-03-26 20:20:47,0
0,2022-03-26 20:20:50,0
0,2022-03-26 20:20:53,0
0,2022-03-26 20:20:57,0
0,2022-03-26 20:21:00,0
0,2022-03-26 20:21:03,0
0,2022-03-26 20:21:07,0
0,2022-03-26 20:21:10,0
0,2022-03-26 20:21:13,0
0,2022-03-26 20:21:17,0
0,2022-03-26 20:21:20,0
0,2022-03-26 20:21:23,0
0,2022-03-26 20:21:27,0
0,2022-03-26 20:21:30,0
0,2022-03-26 20:21:33,0
0,2022-03-26 20:21:37,0
0,2022-03-26 20:21:40,0
0,2022-03-26 20:21:43,0
0,2022-03-26 20:21:46,0
0,2022-03-26 20:21:50,0
0,2022-03-26 20:21:53,0
0,2022-03-26 20:21:56,0
0,2022-03-26 20:22:00,0
0,2022-03-26 20:22:03,0
0,2022-03-26 20:22:06,0
0,2022-03-26 20:22:10,0
0,2022-03-26 20:22:13,0
0,2022-03-26 20:22:16,0
0,2022-03-26 20:22:20,0
0,2022-03-26 20:22:23,0
0,2022-03-26 20:22:26,0
0,2022-03-26 20:22:30,0
0,2022-03-26 20:22:33,0
0,2022-03-26 20:22:36,0
0,2022-03-26 20:22:40,0
0,2022-03-26 20:22:43,0
0,2022-03-26 20:22:46,0
0,2022-03-26 20:22:49,0
0,2022-03-26 20:22:53,0
0,2022-03-26 20:22:56,0
0,2022-03-26 20:23:00,0
0,2022-03-26 20:23:03,0
0,2022-03-26 20:23:06,0
0,2022-03-26 20:23:10,0
0,2022-03-26 20:23:13,0
0,2022-03-26 20:23:16,0
0,2022-03-26 20:23:20,0
0,2022-03-26 20:23:23,0
0,2022-03-26 20:23:26,0
795,2022-03-26 20:23:30,0
890,2022-03-26 20:23:33,0
711,2022-03-26 20:23:36,0
770,2022-03-26 20:23:40,0
1131,2022-03-26 20:23:43,0
947,2022-03-26 20:23:46,0
1245,2022-03-26 20:23:50,0
1056,2022-03-26 20:23:53,0
945,2022-03-26 20:23:56,0
953,2022-03-26 20:24:00,0
1213,2022-03-26 20:24:03,0
1135,2022-03-26 20:24:06,0
947,2022-03-26 20:24:09,0
921,2022-03-26 20:24:13,0
1319,2022-03-26 20:24:16,0
1460,2022-03-26 20:24:19,0
1376,2022-03-26 20:24:23,0
1267,2022-03-26 20:24:26,0
1308,2022-03-26 20:24:29,0
1348,2022-03-26 20:24:33,0
1324,2022-03-26 20:24:36,0
1215,2022-03-26 20:24:39,0
1011,2022-03-26 20:24:43,0
1152,2022-03-26 20:24:46,0
1315,2022-03-26 20:24:49,0
1381,2022-03-26 20:24:53,0
1409,2022-03-26 20:24:56,0
1387,2022-03-26 20:24:59,0
1244,2022-03-26 20:25:03,0
991,2022-03-26 20:25:06,0
926,2022-03-26 20:25:09,0
1662,2022-03-26 20:25:13,0
840,2022-03-26 20:25:16,0
824,2022-03-26 20:25:19,0
778,2022-03-26 20:25:22,0
779,2022-03-26 20:25:26,0
1325,2022-03-26 20:25:29,0
1152,2022-03-26 20:25:32,0
1777,2022-03-26 20:25:36,0
1405,2022-03-26 20:25:39,0
1521,2022-03-26 20:25:42,0
1541,2022-03-26 20:25:46,0
1507,2022-03-26 20:25:49,0
1676,2022-03-26 20:25:52,0
2017,2022-03-26 20:25:56,0
1533,2022-03-26 20:25:59,0
1514,2022-03-26 20:26:02,0
1107,2022-03-26 20:26:06,0
997,2022-03-26 20:26:09,0
979,2022-03-26 20:26:12,0
1443,2022-03-26 20:26:16,0
950,2022-03-26 20:26:19,0
1463,2022-03-26 20:26:22,0
1482,2022-03-26 20:26:26,0
1436,2022-03-26 20:26:29,0
1701,2022-03-26 20:26:32,0
1339,2022-03-26 20:26:36,0
1647,2022-03-26 20:26:39,0
1272,2022-03-26 20:26:42,0
1463,2022-03-26 20:26:46,0
1395,2022-03-26 20:26:49,0
1400,2022-03-26 20:26:52,0
1403,2022-03-26 20:26:56,0
1208,2022-03-26 20:26:59,0
1018,2022-03-26 20:27:02,0
934,2022-03-26 20:27:05,0
1117,2022-03-26 20:27:09,0
918,2022-03-26 20:27:12,0
1140,2022-03-26 20:27:15,0
1468,2022-03-26 20:27:19,0
1839,2022-03-26 20:27:22,0
1578,2022-03-26 20:27:25,0
1510,2022-03-26 20:27:29,0
1552,2022-03-26 20:27:32,0
1600,2022-03-26 20:27:35,0
1668,2022-03-26 20:27:39,0
1751,2022-03-26 20:27:42,0
1929,2022-03-26 20:27:45,0
1990,2022-03-26 20:27:49,0
1219,2022-03-26 20:27:52,0
1512,2022-03-26 20:27:55,0
1373,2022-03-26 20:27:59,0
1369,2022-03-26 20:28:02,0
1421,2022-03-26 20:28:05,0
1370,2022-03-26 20:28:09,0
1345,2022-03-26 20:28:12,0
1338,2022-03-26 20:28:15,0
1333,2022-03-26 20:28:19,0
1306,2022-03-26 20:28:22,0
1297,2022-03-26 20:28:26,0
1266,2022-03-26 20:28:29,0
1249,2022-03-26 20:28:32,0
1274,2022-03-26 20:28:36,0
1369,2022-03-26 20:28:39,0
1365,2022-03-26 20:28:42,0
1366,2022-03-26 20:28:46,0
1368,2022-03-26 20:28:49,0
1358,2022-03-26 20:28:52,0
1362,2022-03-26 20:28:56,0
1382,2022-03-26 20:28:59,0
1378,2022-03-26 20:29:02,0
1341,2022-03-26 20:29:06,0
1336,2022-03-26 20:29:09,0
1314,2022-03-26 20:29:12,0
1337,2022-03-26 20:29:16,0
1297,2022-03-26 20:29:19,0
1290,2022-03-26 20:29:22,0
1348,2022-03-26 20:29:26,0
1353,2022-03-26 20:29:29,0
1358,2022-03-26 20:29:32,0
1332,2022-03-26 20:29:36,0
1338,2022-03-26 20:29:39,0
1307,2022-03-26 20:29:42,0
1306,2022-03-26 20:29:46,0
1320,2022-03-26 20:29:49,0
1342,2022-03-26 20:29:52,0
1345,2022-03-26 20:29:56,0
1440,2022-03-26 20:29:59,0
1621,2022-03-26 20:30:02,0
1601,2022-03-26 20:30:06,0
1526,2022-03-26 20:30:09,0
1440,2022-03-26 20:30:12,0
1366,2022-03-26 20:30:16,0
1391,2022-03-26 20:30:19,0
1470,2022-03-26 20:30:22,0
1516,2022-03-26 20:30:26,0
1388,2022-03-26 20:30:29,0
1254,2022-03-26 20:30:32,0
1204,2022-03-26 20:30:36,0
1123,2022-03-26 20:30:39,0
1160,2022-03-26 20:30:42,0
1254,2022-03-26 20:30:46,0
1347,2022-03-26 20:30:49,0
1338,2022-03-26 20:30:52,0
1328,2022-03-26 20:30:55,0
1414,2022-03-26 20:30:59,0
1516,2022-03-26 20:31:02,0
1386,2022-03-26 20:31:05,0
1393,2022-03-26 20:31:09,0
1414,2022-03-26 20:31:12,0
1387,2022-03-26 20:31:16,0
1400,2022-03-26 20:31:19,0
1423,2022-03-26 20:31:22,0
1284,2022-03-26 20:31:25,0
1215,2022-03-26 20:31:29,0
1259,2022-03-26 20:31:32,0
1307,2022-03-26 20:31:35,0
1359,2022-03-26 20:31:39,0
1389,2022-03-26 20:31:42,0
1375,2022-03-26 20:31:45,0
1383,2022-03-26 20:31:49,0
1419,2022-03-26 20:31:52,0
1428,2022-03-26 20:31:55,0
1413,2022-03-26 20:31:59,0
1389,2022-03-26 20:32:02,0
999,2022-03-26 20:32:05,0
1075,2022-03-26 20:32:09,0
978,2022-03-26 20:32:12,0
904,2022-03-26 20:32:15,0
1095,2022-03-26 20:32:19,0
1378,2022-03-26 20:32:22,0
1706,2022-03-26 20:32:25,0
1521,2022-03-26 20:32:29,0
1602,2022-03-26 20:32:32,0
1650,2022-03-26 20:32:35,0
1550,2022-03-26 20:32:39,0
1458,2022-03-26 20:32:42,0
1375,2022-03-26 20:32:45,0
1319,2022-03-26 20:32:49,0
1264,2022-03-26 20:32:52,0
1179,2022-03-26 20:32:55,0
1245,2022-03-26 20:32:59,0
1470,2022-03-26 20:33:02,0
1698,2022-03-26 20:33:05,0
1740,2022-03-26 20:33:08,0
1684,2022-03-26 20:33:12,0
1613,2022-03-26 20:33:15,0
1525,2022-03-26 20:33:18,0
1188,2022-03-26 20:33:22,0
999,2022-03-26 20:33:25,0
974,2022-03-26 20:33:28,0
1000,2022-03-26 20:33:32,0
1025,2022-03-26 20:33:35,0
1156,2022-03-26 20:33:38,0
1283,2022-03-26 20:33:42,0
1409,2022-03-26 20:33:45,0
1529,2022-03-26 20:33:48,0
1760,2022-03-26 20:33:52,0
1987,2022-03-26 20:33:55,0
1656,2022-03-26 20:33:58,0
1624,2022-03-26 20:34:02,0
1605,2022-03-26 20:34:05,0
1575,2022-03-26 20:34:08,0
1548,2022-03-26 20:34:12,0
1522,2022-03-26 20:34:15,0
1463,2022-03-26 20:34:18,0
1439,2022-03-26 20:34:22,0
1496,2022-03-26 20:34:25,0
1431,2022-03-26 20:34:28,0
1243,2022-03-26 20:34:32,0
1244,2022-03-26 20:34:35,0
1307,2022-03-26 20:34:38,0
1369,2022-03-26 20:34:42,0
1346,2022-03-26 20:34:45,0
980,2022-03-26 20:34:48,0
961,2022-03-26 20:34:52,0
780,2022-03-26 20:34:55,0
1521,2022-03-26 20:34:58,0
882,2022-03-26 20:35:02,0
1191,2022-03-26 20:35:05,0
2119,2022-03-26 20:35:08,0
1826,2022-03-26 20:35:11,0
1472,2022-03-26 20:35:15,0
1231,2022-03-26 20:35:18,0
1180,2022-03-26 20:35:21,0
1242,2022-03-26 20:35:25,0
1354,2022-03-26 20:35:28,0
1359,2022-03-26 20:35:31,0
1305,2022-03-26 20:35:35,0
1229,2022-03-26 20:35:38,0
1249,2022-03-26 20:35:41,0
1283,2022-03-26 20:35:45,0
1327,2022-03-26 20:35:48,0
1357,2022-03-26 20:35:51,0
1388,2022-03-26 20:35:55,0
1246,2022-03-26 20:35:58,0
1000,2022-03-26 20:36:01,0
1199,2022-03-26 20:36:05,0
1408,2022-03-26 20:36:08,0
1613,2022-03-26 20:36:11,0
1667,2022-03-26 20:36:15,0
1795,2022-03-26 20:36:18,0
1008,2022-03-26 20:36:21,0
1106,2022-03-26 20:36:25,0
1130,2022-03-26 20:36:28,0
903,2022-03-26 20:36:31,0
1001,2022-03-26 20:36:35,0
1258,2022-03-26 20:36:38,0
2182,2022-03-26 20:36:41,0
1706,2022-03-26 20:36:45,0
1613,2022-03-26 20:36:48,0
1976,2022-03-26 20:36:51,0
1544,2022-03-26 20:36:55,0
1670,2022-03-26 20:36:58,0
1782,2022-03-26 20:37:01,0
1881,2022-03-26 20:37:05,0
1989,2022-03-26 20:37:08,0
2096,2022-03-26 20:37:11,0
2120,2022-03-26 20:37:14,0
2073,2022-03-26 20:37:18,0
2086,2022-03-26 20:37:21,0
2121,2022-03-26 20:37:24,0
2118,2022-03-26 20:37:28,0
2112,2022-03-26 20:37:31,0
2097,2022-03-26 20:37:34,0
2138,2022-03-26 20:37:38,0
2185,2022-03-26 20:37:41,0
2176,2022-03-26 20:37:44,0
2187,2022-03-26 20:37:48,0
2196,2022-03-26 20:37:51,0
2131,2022-03-26 20:37:54,0
2119,2022-03-26 20:37:58,0
2115,2022-03-26 20:38:01,0
2097,2022-03-26 20:38:04,0
2025,2022-03-26 20:38:08,0
2013,2022-03-26 20:38:11,0
1975,2022-03-26 20:38:14,0
1816,2022-03-26 20:38:18,0
1702,2022-03-26 20:38:21,0
1724,2022-03-26 20:38:24,0
1753,2022-03-26 20:38:28,0
1770,2022-03-26 20:38:31,0
1774,2022-03-26 20:38:34,0
1813,2022-03-26 20:38:37,0
1869,2022-03-26 20:38:41,0
1893,2022-03-26 20:38:44,0
1921,2022-03-26 20:38:47,0
1957,2022-03-26 20:38:51,0
2031,2022-03-26 20:38:54,0
2154,2022-03-26 20:38:57,0
2206,2022-03-26 20:39:01,0
2229,2022-03-26 20:39:04,0
2245,2022-03-26 20:39:07,0
2231,2022-03-26 20:39:11,0
2211,2022-03-26 20:39:14,0
2209,2022-03-26 20:39:17,0
2172,2022-03-26 20:39:21,0
2120,2022-03-26 20:39:24,0
2053,2022-03-26 20:39:27,0
1999,2022-03-26 20:39:31,0
1993,2022-03-26 20:39:34,0
2017,2022-03-26 20:39:38,0
2054,2022-03-26 20:39:41,0
2029,2022-03-26 20:39:44,0
1998,2022-03-26 20:39:48,0
1901,2022-03-26 20:39:51,0
1947,2022-03-26 20:39:54,0
2008,2022-03-26 20:39:58,0
2092,2022-03-26 20:40:01,0
2171,2022-03-26 20:40:04,0
2236,2022-03-26 20:40:08,0
2269,2022-03-26 20:40:11,0
2275,2022-03-26 20:40:14,0
2261,2022-03-26 20:40:18,0
2245,2022-03-26 20:40:21,0
2239,2022-03-26 20:40:24,0
2254,2022-03-26 20:40:28,0
2259,2022-03-26 20:40:31,0
2263,2022-03-26 20:40:34,0
2256,2022-03-26 20:40:38,0
2203,2022-03-26 20:40:41,0
2189,2022-03-26 20:40:45,0
2160,2022-03-26 20:40:48,0
2203,2022-03-26 20:40:51,0
2220,2022-03-26 20:40:55,0
2225,2022-03-26 20:40:58,0
2210,2022-03-26 20:41:01,0
2195,2022-03-26 20:41:05,0
2190,2022-03-26 20:41:08,0
2194,2022-03-26 20:41:11,0
2220,2022-03-26 20:41:15,0
2244,2022-03-26 20:41:18,0
2274,2022-03-26 20:41:21,0
2294,2022-03-26 20:41:25,0
2321,2022-03-26 20:41:28,0
2303,2022-03-26 20:41:31,0
2288,2022-03-26 20:41:35,0
2278,2022-03-26 20:41:38,0
2269,2022-03-26 20:41:41,0
2278,2022-03-26 20:41:45,0
2290,2022-03-26 20:41:48,0
2309,2022-03-26 20:41:51,0
2355,2022-03-26 20:41:55,0
2360,2022-03-26 20:41:58,0
2338,2022-03-26 20:42:01,0
2368,2022-03-26 20:42:04,0
2435,2022-03-26 20:42:08,0
2494,2022-03-26 20:42:11,0
2467,2022-03-26 20:42:14,0
2436,2022-03-26 20:42:18,0
2406,2022-03-26 20:42:21,0
2402,2022-03-26 20:42:24,0
2397,2022-03-26 20:42:28,0
2376,2022-03-26 20:42:31,0
2349,2022-03-26 20:42:34,0
2369,2022-03-26 20:42:38,0
2375,2022-03-26 20:42:41,0
2376,2022-03-26 20:42:44,0
2379,2022-03-26 20:42:48,0
2378,2022-03-26 20:42:51,0
2381,2022-03-26 20:42:54,0
2364,2022-03-26 20:42:58,0
2363,2022-03-26 20:43:01,0
2376,2022-03-26 20:43:04,0
2376,2022-03-26 20:43:08,0
2372,2022-03-26 20:43:11,0
2359,2022-03-26 20:43:14,0
2359,2022-03-26 20:43:18,0
2378,2022-03-26 20:43:21,0
2383,2022-03-26 20:43:24,0
2372,2022-03-26 20:43:28,0
2331,2022-03-26 20:43:31,0
2310,2022-03-26 20:43:34,0
2311,2022-03-26 20:43:38,0
2281,2022-03-26 20:43:41,0
2205,2022-03-26 20:43:44,0
2091,2022-03-26 20:43:48,0
2043,2022-03-26 20:43:51,0
1997,2022-03-26 20:43:54,0
1921,2022-03-26 20:43:58,0
941,2022-03-26 20:44:01,0
904,2022-03-26 20:44:04,0
929,2022-03-26 20:44:08,0
875,2022-03-26 20:44:11,0
1640,2022-03-26 20:44:14,0
1834,2022-03-26 20:44:18,0
2057,2022-03-26 20:44:21,0
2242,2022-03-26 20:44:24,0
2347,2022-03-26 20:44:28,0
2045,2022-03-26 20:44:31,0
970,2022-03-26 20:44:34,0
892,2022-03-26 20:44:37,0
847,2022-03-26 20:44:41,0
1005,2022-03-26 20:44:44,0
996,2022-03-26 20:44:47,0
1495,2022-03-26 20:44:51,0
1478,2022-03-26 20:44:54,0
1519,2022-03-26 20:44:57,0
1684,2022-03-26 20:45:01,0
1841,2022-03-26 20:45:04,0
1377,2022-03-26 20:45:07,0
1003,2022-03-26 20:45:11,0
1418,2022-03-26 20:45:14,0
1492,2022-03-26 20:45:17,0
1508,2022-03-26 20:45:21,0
1588,2022-03-26 20:45:24,0
2063,2022-03-26 20:45:27,0
2524,2022-03-26 20:45:31,0
1792,2022-03-26 20:45:34,0
963,2022-03-26 20:45:37,0
975,2022-03-26 20:45:40,0
939,2022-03-26 20:45:44,0
960,2022-03-26 20:45:47,0
1003,2022-03-26 20:45:50,0
972,2022-03-26 20:45:54,0
1100,2022-03-26 20:45:57,0
1261,2022-03-26 20:46:00,0
1402,2022-03-26 20:46:04,0
1469,2022-03-26 20:46:07,0
1391,2022-03-26 20:46:10,0
1273,2022-03-26 20:46:14,0
1564,2022-03-26 20:46:17,0
1877,2022-03-26 20:46:20,0
2176,2022-03-26 20:46:24,0
1746,2022-03-26 20:46:27,0
1783,2022-03-26 20:46:30,0
1815,2022-03-26 20:46:34,0
1843,2022-03-26 20:46:37,0
1576,2022-03-26 20:46:40,0
1655,2022-03-26 20:46:44,0
1725,2022-03-26 20:46:47,0
1748,2022-03-26 20:46:50,0
1707,2022-03-26 20:46:54,0
1653,2022-03-26 20:46:57,0
1620,2022-03-26 20:47:00,0
1633,2022-03-26 20:47:04,0
1586,2022-03-26 20:47:07,0
1352,2022-03-26 20:47:10,0
939,2022-03-26 20:47:14,0
869,2022-03-26 20:47:17,0
1034,2022-03-26 20:47:20,0
1295,2022-03-26 20:47:24,0
1429,2022-03-26 20:47:27,0
1340,2022-03-26 20:47:30,0
1227,2022-03-26 20:47:34,0
1069,2022-03-26 20:47:37,0
921,2022-03-26 20:47:40,0
1646,2022-03-26 20:47:44,0
1284,2022-03-26 20:47:47,0
2173,2022-03-26 20:47:50,0
1403,2022-03-26 20:47:54,0
1396,2022-03-26 20:47:57,0
1425,2022-03-26 20:48:00,0
1607,2022-03-26 20:48:04,0
1763,2022-03-26 20:48:07,0
1812,2022-03-26 20:48:10,0
1624,2022-03-26 20:48:14,0
1644,2022-03-26 20:48:17,0
1578,2022-03-26 20:48:20,0
1367,2022-03-26 20:48:24,0
1330,2022-03-26 20:48:27,0
1413,2022-03-26 20:48:30,0
1554,2022-03-26 20:48:34,0
1642,2022-03-26 20:48:37,0
1655,2022-03-26 20:48:40,0
1488,2022-03-26 20:48:43,0
1460,2022-03-26 20:48:47,0
1708,2022-03-26 20:48:50,0
1629,2022-03-26 20:48:53,0
1342,2022-03-26 20:48:57,0
1467,2022-03-26 20:49:00,0
1556,2022-03-26 20:49:03,0
1391,2022-03-26 20:49:07,0
1357,2022-03-26 20:49:10,0
1257,2022-03-26 20:49:13,0
1458,2022-03-26 20:49:17,0
1735,2022-03-26 20:49:20,0
1689,2022-03-26 20:49:23,0
1667,2022-03-26 20:49:27,0
1607,2022-03-26 20:49:30,0
1490,2022-03-26 20:49:33,0
981,2022-03-26 20:49:37,0
1169,2022-03-26 20:49:40,0
1239,2022-03-26 20:49:43,0
1262,2022-03-26 20:49:47,0
1161,2022-03-26 20:49:50,0
1016,2022-03-26 20:49:53,0
1041,2022-03-26 20:49:57,0
1181,2022-03-26 20:50:00,0
1353,2022-03-26 20:50:03,0
1451,2022-03-26 20:50:07,0
1490,2022-03-26 20:50:10,0
1411,2022-03-26 20:50:13,0
1376,2022-03-26 20:50:17,0
1300,2022-03-26 20:50:20,0
1195,2022-03-26 20:50:23,0
940,2022-03-26 20:50:27,0
999,2022-03-26 20:50:30,0
918,2022-03-26 20:50:33,0
1225,2022-03-26 20:50:37,0
1434,2022-03-26 20:50:40,0
1134,2022-03-26 20:50:43,0
1200,2022-03-26 20:50:46,0
1425,2022-03-26 20:50:50,0
1672,2022-03-26 20:50:53,0
1382,2022-03-26 20:50:56,0
1295,2022-03-26 20:51:00,0
1395,2022-03-26 20:51:03,0
1371,2022-03-26 20:51:06,0
1397,2022-03-26 20:51:10,0
1413,2022-03-26 20:51:13,0
1515,2022-03-26 20:51:16,0
1595,2022-03-26 20:51:20,0
1618,2022-03-26 20:51:23,0
1621,2022-03-26 20:51:26,0
1531,2022-03-26 20:51:30,0
1500,2022-03-26 20:51:33,0
1350,2022-03-26 20:51:36,0
1214,2022-03-26 20:51:40,0
1210,2022-03-26 20:51:43,0
1231,2022-03-26 20:51:46,0
1265,2022-03-26 20:51:50,0
1301,2022-03-26 20:51:53,0
1243,2022-03-26 20:51:56,0
1187,2022-03-26 20:52:00,0
1025,2022-03-26 20:52:03,0
1016,2022-03-26 20:52:06,0
989,2022-03-26 20:52:10,0
996,2022-03-26 20:52:13,0
1499,2022-03-26 20:52:16,0
1204,2022-03-26 20:52:20,0
1293,2022-03-26 20:52:23,0
1477,2022-03-26 20:52:26,0
1766,2022-03-26 20:52:30,0
1907,2022-03-26 20:52:33,0
1446,2022-03-26 20:52:36,0
1454,2022-03-26 20:52:39,0
1536,2022-03-26 20:52:43,0
1541,2022-03-26 20:52:46,0
1563,2022-03-26 20:52:49,0
1670,2022-03-26 20:52:53,0
1611,2022-03-26 20:52:56,0
1435,2022-03-26 20:52:59,0
1199,2022-03-26 20:53:03,0
979,2022-03-26 20:53:06,0
961,2022-03-26 20:53:10,0
1588,2022-03-26 20:53:13,0
1469,2022-03-26 20:53:16,0
1264,2022-03-26 20:53:20,0
1466,2022-03-26 20:53:23,0
1674,2022-03-26 20:53:26,0
1803,2022-03-26 20:53:30,0
1216,2022-03-26 20:53:33,0
1182,2022-03-26 20:53:36,0
1141,2022-03-26 20:53:40,0
1068,2022-03-26 20:53:43,0
1016,2022-03-26 20:53:47,0
898,2022-03-26 20:53:50,0
961,2022-03-26 20:53:53,0
1060,2022-03-26 20:53:57,0
985,2022-03-26 20:54:00,0
1096,2022-03-26 20:54:03,0
1084,2022-03-26 20:54:07,0
1214,2022-03-26 20:54:10,0
1296,2022-03-26 20:54:13,0
1339,2022-03-26 20:54:17,0
1390,2022-03-26 20:54:20,0
1217,2022-03-26 20:54:23,0
1228,2022-03-26 20:54:27,0
1228,2022-03-26 20:54:30,0
1240,2022-03-26 20:54:33,0
1272,2022-03-26 20:54:37,0
1252,2022-03-26 20:54:40,0
1074,2022-03-26 20:54:43,0
1088,2022-03-26 20:54:47,0
1121,2022-03-26 20:54:50,0
992,2022-03-26 20:54:53,0
924,2022-03-26 20:54:57,0
1393,2022-03-26 20:55:00,0
1035,2022-03-26 20:55:03,0
1496,2022-03-26 20:55:07,0
1141,2022-03-26 20:55:10,0
1056,2022-03-26 20:55:13,0
1062,2022-03-26 20:55:17,0
1124,2022-03-26 20:55:20,0
1115,2022-03-26 20:55:23,0
953,2022-03-26 20:55:27,0
1014,2022-03-26 20:55:30,0
1110,2022-03-26 20:55:33,0
1151,2022-03-26 20:55:37,0
1154,2022-03-26 20:55:40,0
1055,2022-03-26 20:55:43,0
999,2022-03-26 20:55:47,0
891,2022-03-26 20:55:50,0
911,2022-03-26 20:55:53,0
1117,2022-03-26 20:55:57,0
1247,2022-03-26 20:56:00,0
933,2022-03-26 20:56:03,0
865,2022-03-26 20:56:07,0
815,2022-03-26 20:56:10,0
1849,2022-03-26 20:56:13,0
1654,2022-03-26 20:56:17,0
1088,2022-03-26 20:56:20,0
1140,2022-03-26 20:56:23,0
1250,2022-03-26 20:56:27,0
1128,2022-03-26 20:56:30,0
1279,2022-03-26 20:56:33,0
1106,2022-03-26 20:56:37,0
917,2022-03-26 20:56:40,0
856,2022-03-26 20:56:43,0
1765,2022-03-26 20:56:46,0
1317,2022-03-26 20:56:50,0
1687,2022-03-26 20:56:53,0
1755,2022-03-26 20:56:56,0
1880,2022-03-26 20:57:00,0
1183,2022-03-26 20:57:03,0
1118,2022-03-26 20:57:06,0
934,2022-03-26 20:57:10,0
873,2022-03-26 20:57:13,0
1307,2022-03-26 20:57:16,0
1022,2022-03-26 20:57:20,0
917,2022-03-26 20:57:23,0
891,2022-03-26 20:57:26,0
975,2022-03-26 20:57:30,0
1430,2022-03-26 20:57:33,0
1304,2022-03-26 20:57:36,0
1046,2022-03-26 20:57:40,0
875,2022-03-26 20:57:43,0
854,2022-03-26 20:57:46,0
829,2022-03-26 20:57:50,0
781,2022-03-26 20:57:53,0
778,2022-03-26 20:57:56,0
782,2022-03-26 20:58:00,0
1507,2022-03-26 20:58:03,0
1079,2022-03-26 20:58:06,0
899,2022-03-26 20:58:10,0
1016,2022-03-26 20:58:13,0
1042,2022-03-26 20:58:16,0
831,2022-03-26 20:58:20,0
722,2022-03-26 20:58:23,0
884,2022-03-26 20:58:26,0
803,2022-03-26 20:58:30,0
937,2022-03-26 20:58:33,0
901,2022-03-26 20:58:36,0
832,2022-03-26 20:58:40,0
834,2022-03-26 20:58:43,0
919,2022-03-26 20:58:46,0
1280,2022-03-26 20:58:49,0
1161,2022-03-26 20:58:53,0
900,2022-03-26 20:58:56,0
778,2022-03-26 20:58:59,0
1117,2022-03-26 20:59:03,0
1007,2022-03-26 20:59:06,0
1041,2022-03-26 20:59:09,0
886,2022-03-26 20:59:13,0
831,2022-03-26 20:59:16,0
897,2022-03-26 20:59:19,0
922,2022-03-26 20:59:23,0
881,2022-03-26 20:59:26,0
816,2022-03-26 20:59:29,0
852,2022-03-26 20:59:33,0
846,2022-03-26 20:59:36,0
930,2022-03-26 20:59:39,0
895,2022-03-26 20:59:43,0
821,2022-03-26 20:59:46,0
963,2022-03-26 20:59:49,0
834,2022-03-26 20:59:53,0
814,2022-03-26 20:59:56,0
930,2022-03-26 20:59:59,0
899,2022-03-26 21:00:03,0
835,2022-03-26 21:00:06,0
938,2022-03-26 21:00:09,0
1255,2022-03-26 21:00:12,0
917,2022-03-26 21:00:16,0
844,2022-03-26 21:00:19,0
813,2022-03-26 21:00:22,0
764,2022-03-26 21:00:26,0
789,2022-03-26 21:00:29,0
789,2022-03-26 21:00:32,0
891,2022-03-26 21:00:36,0
911,2022-03-26 21:00:39,0
824,2022-03-26 21:00:42,0
776,2022-03-26 21:00:46,0
902,2022-03-26 21:00:49,0
870,2022-03-26 21:00:52,0
801,2022-03-26 21:00:56,0
842,2022-03-26 21:00:59,0
875,2022-03-26 21:01:02,0
809,2022-03-26 21:01:06,0
819,2022-03-26 21:01:09,0
780,2022-03-26 21:01:12,0
878,2022-03-26 21:01:16,0
897,2022-03-26 21:01:19,0
890,2022-03-26 21:01:22,0
776,2022-03-26 21:01:26,0
952,2022-03-26 21:01:29,0
903,2022-03-26 21:01:32,0
909,2022-03-26 21:01:36,0
812,2022-03-26 21:01:39,0
1118,2022-03-26 21:01:42,0
981,2022-03-26 21:01:46,0
901,2022-03-26 21:01:49,0
847,2022-03-26 21:01:52,0
878,2022-03-26 21:01:56,0
884,2022-03-26 21:01:59,0
841,2022-03-26 21:02:02,0
749,2022-03-26 21:02:06,0
717,2022-03-26 21:02:09,0
1034,2022-03-26 21:02:12,0
728,2022-03-26 21:02:16,0
813,2022-03-26 21:02:19,0
1549,2022-03-26 21:02:22,0
952,2022-03-26 21:02:26,0
880,2022-03-26 21:02:29,0
853,2022-03-26 21:02:32,0
1093,2022-03-26 21:02:36,0
892,2022-03-26 21:02:39,0
845,2022-03-26 21:02:42,0
870,2022-03-26 21:02:46,0
898,2022-03-26 21:02:49,0
842,2022-03-26 21:02:52,0
1455,2022-03-26 21:02:56,0
803,2022-03-26 21:02:59,0
782,2022-03-26 21:03:02,0
786,2022-03-26 21:03:05,0
780,2022-03-26 21:03:09,0
790,2022-03-26 21:03:12,0
804,2022-03-26 21:03:15,0
825,2022-03-26 21:03:19,0
782,2022-03-26 21:03:22,0
780,2022-03-26 21:03:25,0
780,2022-03-26 21:03:29,0
792,2022-03-26 21:03:32,0
774,2022-03-26 21:03:35,0
881,2022-03-26 21:03:39,0
1653,2022-03-26 21:03:42,0
814,2022-03-26 21:03:45,0
808,2022-03-26 21:03:49,0
758,2022-03-26 21:03:52,0
772,2022-03-26 21:03:55,0
981,2022-03-26 21:03:59,0
788,2022-03-26 21:04:02,0
784,2022-03-26 21:04:05,0
786,2022-03-26 21:04:09,0
780,2022-03-26 21:04:12,0
780,2022-03-26 21:04:15,0
758,2022-03-26 21:04:18,0
0,2022-03-26 21:04:22,0
0,2022-03-26 21:04:25,0
803,2022-03-26 23:43:46,0
807,2022-03-26 23:43:49,0
805,2022-03-26 23:43:53,0
807,2022-03-26 23:43:56,0
807,2022-03-26 23:43:59,0
850,2022-03-26 23:44:03,0
849,2022-03-26 23:44:06,0
850,2022-03-26 23:44:09,0
851,2022-03-26 23:44:13,0
851,2022-03-26 23:44:16,0
849,2022-03-26 23:44:19,0
804,2022-03-26 23:44:23,0
804,2022-03-26 23:44:26,0
805,2022-03-26 23:44:29,0
805,2022-03-26 23:44:33,0
803,2022-03-26 23:44:36,0
788,2022-03-26 23:44:39,0
864,2022-03-26 23:44:43,0
825,2022-03-26 23:44:46,0
811,2022-03-26 23:44:49,0
803,2022-03-26 23:44:53,0
795,2022-03-26 23:44:56,0
801,2022-03-26 23:44:59,0
797,2022-03-26 23:45:03,0
804,2022-03-26 23:45:06,0
802,2022-03-26 23:45:09,0
799,2022-03-26 23:45:12,0
808,2022-03-26 23:45:16,0
801,2022-03-26 23:45:19,0
722,2022-03-26 23:45:22,0
1156,2022-03-26 23:45:26,0
873,2022-03-26 23:45:29,0
802,2022-03-26 23:45:32,0
817,2022-03-26 23:45:36,0
800,2022-03-26 23:45:39,0
798,2022-03-26 23:45:42,0
798,2022-03-26 23:45:46,0
802,2022-03-26 23:45:49,0
799,2022-03-26 23:45:52,0
1737,2022-03-26 23:45:56,0
776,2022-03-26 23:45:59,0
798,2022-03-26 23:46:02,0
797,2022-03-26 23:46:06,0
795,2022-03-26 23:46:09,0
795,2022-03-26 23:46:12,0
797,2022-03-26 23:46:16,0
798,2022-03-26 23:46:19,0
798,2022-03-26 23:46:22,0
794,2022-03-26 23:46:26,0
795,2022-03-26 23:46:29,0
797,2022-03-26 23:46:33,0
796,2022-03-26 23:46:36,0
800,2022-03-26 23:46:39,0
798,2022-03-26 23:46:43,0
797,2022-03-26 23:46:46,0
799,2022-03-26 23:46:49,0
797,2022-03-26 23:46:53,0
795,2022-03-26 23:46:56,0
795,2022-03-26 23:46:59,0
792,2022-03-26 23:47:03,0
814,2022-03-26 23:47:06,0
832,2022-03-26 23:47:10,0
789,2022-03-26 23:47:13,0
862,2022-03-26 23:47:16,0
1119,2022-03-26 23:47:20,0
826,2022-03-26 23:47:23,0
794,2022-03-26 23:47:26,0
792,2022-03-26 23:47:30,0
795,2022-03-26 23:47:33,0
796,2022-03-26 23:47:36,0
796,2022-03-26 23:47:40,0
797,2022-03-26 23:47:43,0
831,2022-03-26 23:47:46,0
1211,2022-03-26 23:47:50,0
820,2022-03-26 23:47:53,0
832,2022-03-26 23:47:56,0
791,2022-03-26 23:47:59,0
799,2022-03-26 23:48:03,0
794,2022-03-26 23:48:06,0
795,2022-03-26 23:48:09,0
895,2022-03-26 23:48:13,0
838,2022-03-26 23:48:16,0
789,2022-03-26 23:48:19,0
791,2022-03-26 23:48:23,0
816,2022-03-26 23:48:26,0
774,2022-03-26 23:48:29,0
953,2022-03-26 23:48:33,0
801,2022-03-26 23:48:36,0
793,2022-03-26 23:48:39,0
848,2022-03-26 23:48:43,0
793,2022-03-26 23:48:46,0
790,2022-03-26 23:48:49,0
744,2022-03-26 23:48:53,0
762,2022-03-26 23:48:56,0
792,2022-03-26 23:48:59,0
794,2022-03-26 23:49:03,0
738,2022-03-26 23:49:06,0
801,2022-03-26 23:49:09,0
791,2022-03-26 23:49:13,0
770,2022-03-26 23:49:16,0
846,2022-03-26 23:49:19,0
783,2022-03-26 23:49:23,0
842,2022-03-26 23:49:26,0
793,2022-03-26 23:49:29,0
786,2022-03-26 23:49:33,0
787,2022-03-26 23:49:36,0
785,2022-03-26 23:49:39,0
777,2022-03-26 23:49:42,0
783,2022-03-26 23:49:46,0
958,2022-03-26 23:49:49,0
804,2022-03-26 23:49:52,0
839,2022-03-26 23:49:56,0
800,2022-03-26 23:49:59,0
774,2022-03-26 23:50:02,0
762,2022-03-26 23:50:06,0
780,2022-03-26 23:50:09,0
804,2022-03-26 23:50:12,0
709,2022-03-26 23:50:16,0
996,2022-03-26 23:50:19,0
818,2022-03-26 23:50:22,0
871,2022-03-26 23:50:26,0
874,2022-03-26 23:50:29,0
852,2022-03-26 23:50:32,0
850,2022-03-26 23:50:36,0
1034,2022-03-26 23:50:39,0
898,2022-03-26 23:50:42,0
849,2022-03-26 23:50:46,0
845,2022-03-26 23:50:49,0
848,2022-03-26 23:50:52,0
852,2022-03-26 23:50:56,0
770,2022-03-26 23:50:59,0
840,2022-03-26 23:51:02,0
850,2022-03-26 23:51:05,0
777,2022-03-26 23:51:09,0
846,2022-03-26 23:51:12,0
886,2022-03-26 23:51:15,0
854,2022-03-26 23:51:19,0
812,2022-03-26 23:51:22,0
810,2022-03-26 23:51:25,0
759,2022-03-26 23:51:29,0
815,2022-03-26 23:51:32,0
620,2022-03-26 23:51:35,0
901,2022-03-26 23:51:39,0
829,2022-03-26 23:51:42,0
782,2022-03-26 23:51:45,0
781,2022-03-26 23:51:49,0
784,2022-03-26 23:51:52,0
781,2022-03-26 23:51:56,0
780,2022-03-26 23:51:59,0
781,2022-03-26 23:52:02,0
786,2022-03-26 23:52:06,0
780,2022-03-26 23:52:09,0
781,2022-03-26 23:52:12,0
747,2022-03-26 23:52:15,0
723,2022-03-26 23:52:19,0
756,2022-03-26 23:52:22,0
809,2022-03-26 23:52:25,0
848,2022-03-26 23:52:29,0
812,2022-03-26 23:52:32,0
823,2022-03-26 23:52:35,0
886,2022-03-26 23:52:39,0
879,2022-03-26 23:52:42,0
802,2022-03-26 23:52:45,0
727,2022-03-26 23:52:49,0
0,2022-03-26 23:52:52,0
0,2022-03-26 23:52:55,0
0,2022-03-26 23:52:59,0
0,2022-03-26 23:53:02,0
921,2022-03-26 23:53:05,0
846,2022-03-26 23:53:09,0
795,2022-03-26 23:53:12,0
780,2022-03-26 23:53:15,0
723,2022-03-26 23:53:19,0
935,2022-03-26 23:53:22,0
802,2022-03-26 23:53:25,0
743,2022-03-26 23:53:29,0
914,2022-03-26 23:53:32,0
801,2022-03-26 23:53:35,0
782,2022-03-26 23:53:39,0
782,2022-03-26 23:53:42,0
775,2022-03-26 23:53:45,0
783,2022-03-26 23:53:49,0
774,2022-03-26 23:53:52,0
838,2022-03-26 23:53:55,0
849,2022-03-26 23:53:59,0
843,2022-03-26 23:54:02,0
872,2022-03-26 23:54:05,0
796,2022-03-26 23:54:09,0
762,2022-03-26 23:54:12,0
838,2022-03-26 23:54:15,0
817,2022-03-26 23:54:19,0
894,2022-03-26 23:54:22,0
813,2022-03-26 23:54:25,0
779,2022-03-26 23:54:28,0
887,2022-03-26 23:54:32,0
755,2022-03-26 23:54:35,0
782,2022-03-26 23:54:38,0
846,2022-03-26 23:54:42,0
790,2022-03-26 23:54:45,0
770,2022-03-26 23:54:48,0
783,2022-03-26 23:54:52,0
781,2022-03-26 23:54:55,0
762,2022-03-26 23:54:58,0
780,2022-03-26 23:55:02,0
744,2022-03-26 23:55:05,0
877,2022-03-26 23:55:08,0
811,2022-03-26 23:55:12,0
789,2022-03-26 23:55:15,0
790,2022-03-26 23:55:18,0
815,2022-03-26 23:55:22,0
773,2022-03-26 23:55:25,0
767,2022-03-26 23:55:28,0
1025,2022-03-26 23:55:32,0
901,2022-03-26 23:55:35,0
951,2022-03-26 23:55:38,0
857,2022-03-26 23:55:42,0
854,2022-03-26 23:55:45,0
1413,2022-03-26 23:55:48,0
1342,2022-03-26 23:55:52,0
1392,2022-03-26 23:55:55,0
891,2022-03-26 23:55:58,0
814,2022-03-26 23:56:02,0
953,2022-03-26 23:56:05,0
1472,2022-03-26 23:56:08,0
900,2022-03-26 23:56:12,0
988,2022-03-26 23:56:15,0
942,2022-03-26 23:56:18,0
863,2022-03-26 23:56:21,0
801,2022-03-26 23:56:25,0
981,2022-03-26 23:56:28,0
1207,2022-03-26 23:56:31,0
1160,2022-03-26 23:56:35,0
898,2022-03-26 23:56:38,0
866,2022-03-26 23:56:41,0
1255,2022-03-26 23:56:45,0
1036,2022-03-26 23:56:48,0
1328,2022-03-26 23:56:51,0
1451,2022-03-26 23:56:55,0
1511,2022-03-26 23:56:58,0
1624,2022-03-26 23:57:01,0
1538,2022-03-26 23:57:05,0
1624,2022-03-26 23:57:08,0
1904,2022-03-26 23:57:11,0
1092,2022-03-26 23:57:15,0
1187,2022-03-26 23:57:18,0
1183,2022-03-26 23:57:21,0
1151,2022-03-26 23:57:25,0
1008,2022-03-26 23:57:28,0
911,2022-03-26 23:57:31,0
1109,2022-03-26 23:57:35,0
1005,2022-03-26 23:57:38,0
882,2022-03-26 23:57:42,0
1147,2022-03-26 23:57:45,0
1119,2022-03-26 23:57:48,0
919,2022-03-26 23:57:52,0
958,2022-03-26 23:57:55,0
1056,2022-03-26 23:57:58,0
927,2022-03-26 23:58:02,0
912,2022-03-26 23:58:05,0
1061,2022-03-26 23:58:08,0
1859,2022-03-26 23:58:12,0
952,2022-03-26 23:58:15,0
1045,2022-03-26 23:58:18,0
1308,2022-03-26 23:58:22,0
1339,2022-03-26 23:58:25,0
1144,2022-03-26 23:58:29,0
1132,2022-03-26 23:58:32,0
1228,2022-03-26 23:58:35,0
1460,2022-03-26 23:58:39,0
922,2022-03-26 23:58:42,0
929,2022-03-26 23:58:45,0
918,2022-03-26 23:58:49,0
1438,2022-03-26 23:58:52,0
1039,2022-03-26 23:58:55,0
1200,2022-03-26 23:58:59,0
1254,2022-03-26 23:59:02,0
1180,2022-03-26 23:59:05,0
1070,2022-03-26 23:59:09,0
915,2022-03-26 23:59:12,0
1257,2022-03-26 23:59:15,0
975,2022-03-26 23:59:19,0
1188,2022-03-26 23:59:22,0
957,2022-03-26 23:59:25,0
1073,2022-03-26 23:59:29,0
1044,2022-03-26 23:59:32,0
976,2022-03-26 23:59:35,0
1105,2022-03-26 23:59:39,0
1155,2022-03-26 23:59:42,0
1185,2022-03-26 23:59:45,0
1208,2022-03-26 23:59:49,0
1232,2022-03-26 23:59:52,0
1194,2022-03-26 23:59:55,0
1178,2022-03-26 23:59:59,0
1061,2022-03-27 00:00:02,0
999,2022-03-27 00:00:05,0
999,2022-03-27 00:00:08,0
1119,2022-03-27 00:00:12,0
1333,2022-03-27 00:00:15,0
1187,2022-03-27 00:00:18,0
1235,2022-03-27 00:00:22,0
1566,2022-03-27 00:00:25,0
1244,2022-03-27 00:00:28,0
1333,2022-03-27 00:00:32,0
1351,2022-03-27 00:00:35,0
1331,2022-03-27 00:00:38,0
1289,2022-03-27 00:00:42,0
1001,2022-03-27 00:00:45,0
988,2022-03-27 00:00:48,0
937,2022-03-27 00:00:52,0
937,2022-03-27 00:00:55,0
885,2022-03-27 00:00:58,0
1211,2022-03-27 00:01:02,0
1434,2022-03-27 00:01:05,0
1241,2022-03-27 00:01:08,0
1248,2022-03-27 00:01:12,0
1230,2022-03-27 00:01:15,0
1233,2022-03-27 00:01:18,0
1199,2022-03-27 00:01:22,0
1061,2022-03-27 00:01:25,0
1030,2022-03-27 00:01:28,0
1098,2022-03-27 00:01:32,0
907,2022-03-27 00:01:35,0
999,2022-03-27 00:01:38,0
946,2022-03-27 00:01:41,0
1175,2022-03-27 00:01:45,0
1588,2022-03-27 00:01:48,0
1702,2022-03-27 00:01:51,0
1305,2022-03-27 00:01:55,0
1228,2022-03-27 00:01:58,0
964,2022-03-27 00:02:01,0
966,2022-03-27 00:02:05,0
967,2022-03-27 00:02:08,0
1122,2022-03-27 00:02:11,0
1218,2022-03-27 00:02:15,0
1597,2022-03-27 00:02:18,0
1601,2022-03-27 00:02:21,0
1450,2022-03-27 00:02:25,0
1418,2022-03-27 00:02:28,0
1401,2022-03-27 00:02:31,0
1368,2022-03-27 00:02:35,0
1230,2022-03-27 00:02:38,0
1234,2022-03-27 00:02:41,0
1321,2022-03-27 00:02:45,0
1415,2022-03-27 00:02:48,0
1488,2022-03-27 00:02:51,0
1499,2022-03-27 00:02:55,0
1525,2022-03-27 00:02:58,0
1501,2022-03-27 00:03:01,0
1401,2022-03-27 00:03:05,0
1297,2022-03-27 00:03:08,0
900,2022-03-27 00:03:11,0
1134,2022-03-27 00:03:15,0
1149,2022-03-27 00:03:18,0
1098,2022-03-27 00:03:21,0
1159,2022-03-27 00:03:24,0
1450,2022-03-27 00:03:28,0
1557,2022-03-27 00:03:31,0
1614,2022-03-27 00:03:35,0
1206,2022-03-27 00:03:38,0
1293,2022-03-27 00:03:41,0
1281,2022-03-27 00:03:44,0
1258,2022-03-27 00:03:48,0
1236,2022-03-27 00:03:51,0
1319,2022-03-27 00:03:54,0
1388,2022-03-27 00:03:58,0
1440,2022-03-27 00:04:01,0
1480,2022-03-27 00:04:05,0
1498,2022-03-27 00:04:08,0
1469,2022-03-27 00:04:11,0
1464,2022-03-27 00:04:15,0
1452,2022-03-27 00:04:18,0
1461,2022-03-27 00:04:21,0
1434,2022-03-27 00:04:25,0
1436,2022-03-27 00:04:28,0
1435,2022-03-27 00:04:31,0
1473,2022-03-27 00:04:35,0
1441,2022-03-27 00:04:38,0
1425,2022-03-27 00:04:41,0
1478,2022-03-27 00:04:45,0
1469,2022-03-27 00:04:48,0
1462,2022-03-27 00:04:51,0
1405,2022-03-27 00:04:55,0
1318,2022-03-27 00:04:58,0
986,2022-03-27 00:05:01,0
998,2022-03-27 00:05:04,0
970,2022-03-27 00:05:08,0
1241,2022-03-27 00:05:11,0
1340,2022-03-27 00:05:14,0
1474,2022-03-27 00:05:18,0
1841,2022-03-27 00:05:21,0
1298,2022-03-27 00:05:24,0
1382,2022-03-27 00:05:28,0
1457,2022-03-27 00:05:31,0
1463,2022-03-27 00:05:34,0
1453,2022-03-27 00:05:38,0
1473,2022-03-27 00:05:41,0
1477,2022-03-27 00:05:44,0
1432,2022-03-27 00:05:48,0
1379,2022-03-27 00:05:51,0
1310,2022-03-27 00:05:54,0
1221,2022-03-27 00:05:58,0
1302,2022-03-27 00:06:01,0
1355,2022-03-27 00:06:04,0
1002,2022-03-27 00:06:08,0
981,2022-03-27 00:06:11,0
1102,2022-03-27 00:06:14,0
1302,2022-03-27 00:06:17,0
1478,2022-03-27 00:06:21,0
1615,2022-03-27 00:06:24,0
1653,2022-03-27 00:06:27,0
1573,2022-03-27 00:06:31,0
1491,2022-03-27 00:06:34,0
974,2022-03-27 00:06:37,0
1001,2022-03-27 00:06:41,0
964,2022-03-27 00:06:44,0
952,2022-03-27 00:06:47,0
1330,2022-03-27 00:06:51,0
1853,2022-03-27 00:06:54,0
1268,2022-03-27 00:06:57,0
1556,2022-03-27 00:07:01,0
1827,2022-03-27 00:07:04,0
1410,2022-03-27 00:07:07,0
1533,2022-03-27 00:07:11,0
1601,2022-03-27 00:07:14,0
1627,2022-03-27 00:07:17,0
1640,2022-03-27 00:07:21,0
1616,2022-03-27 00:07:24,0
1590,2022-03-27 00:07:27,0
1561,2022-03-27 00:07:31,0
1500,2022-03-27 00:07:34,0
1407,2022-03-27 00:07:37,0
1323,2022-03-27 00:07:41,0
997,2022-03-27 00:07:44,0
951,2022-03-27 00:07:47,0
1043,2022-03-27 00:07:51,0
1318,2022-03-27 00:07:54,0
1252,2022-03-27 00:07:57,0
1304,2022-03-27 00:08:01,0
1511,2022-03-27 00:08:04,0
1439,2022-03-27 00:08:07,0
1313,2022-03-27 00:08:10,0
1368,2022-03-27 00:08:14,0
1444,2022-03-27 00:08:17,0
1313,2022-03-27 00:08:20,0
947,2022-03-27 00:08:24,0
1019,2022-03-27 00:08:27,0
1132,2022-03-27 00:08:30,0
1406,2022-03-27 00:08:34,0
1582,2022-03-27 00:08:37,0
1539,2022-03-27 00:08:40,0
1635,2022-03-27 00:08:44,0
1723,2022-03-27 00:08:47,0
1597,2022-03-27 00:08:50,0
1562,2022-03-27 00:08:54,0
1697,2022-03-27 00:08:57,0
1591,2022-03-27 00:09:00,0
1542,2022-03-27 00:09:04,0
1487,2022-03-27 00:09:07,0
1585,2022-03-27 00:09:10,0
1618,2022-03-27 00:09:14,0
1749,2022-03-27 00:09:17,0
1849,2022-03-27 00:09:20,0
1631,2022-03-27 00:09:24,0
1312,2022-03-27 00:09:27,0
1492,2022-03-27 00:09:30,0
1505,2022-03-27 00:09:34,0
1369,2022-03-27 00:09:37,0
1304,2022-03-27 00:09:40,0
1536,2022-03-27 00:09:44,0
1825,2022-03-27 00:09:47,0
1595,2022-03-27 00:09:50,0
1498,2022-03-27 00:09:54,0
1791,2022-03-27 00:09:57,0
1416,2022-03-27 00:10:00,0
1760,2022-03-27 00:10:03,0
2160,2022-03-27 00:10:07,0
2538,2022-03-27 00:10:10,0
1797,2022-03-27 00:10:13,0
1870,2022-03-27 00:10:17,0
1860,2022-03-27 00:10:20,0
1887,2022-03-27 00:10:23,0
1961,2022-03-27 00:10:27,0
2060,2022-03-27 00:10:30,0
2177,2022-03-27 00:10:33,0
2289,2022-03-27 00:10:37,0
2381,2022-03-27 00:10:40,0
2341,2022-03-27 00:10:43,0
2327,2022-03-27 00:10:47,0
2331,2022-03-27 00:10:50,0
2342,2022-03-27 00:10:53,0
2345,2022-03-27 00:10:57,0
2348,2022-03-27 00:11:00,0
2357,2022-03-27 00:11:03,0
2281,2022-03-27 00:11:07,0
2244,2022-03-27 00:11:10,0
2240,2022-03-27 00:11:13,0
2247,2022-03-27 00:11:17,0
2255,2022-03-27 00:11:20,0
2247,2022-03-27 00:11:23,0
2238,2022-03-27 00:11:27,0
2179,2022-03-27 00:11:30,0
2166,2022-03-27 00:11:33,0
2165,2022-03-27 00:11:37,0
2181,2022-03-27 00:11:40,0
2200,2022-03-27 00:11:43,0
2216,2022-03-27 00:11:47,0
2230,2022-03-27 00:11:50,0
2233,2022-03-27 00:11:53,0
2203,2022-03-27 00:11:57,0
2168,2022-03-27 00:12:00,0
2157,2022-03-27 00:12:03,0
2164,2022-03-27 00:12:07,0
2178,2022-03-27 00:12:10,0
2196,2022-03-27 00:12:13,0
2219,2022-03-27 00:12:17,0
2240,2022-03-27 00:12:20,0
2242,2022-03-27 00:12:24,0
2239,2022-03-27 00:12:27,0
2222,2022-03-27 00:12:30,0
2186,2022-03-27 00:12:34,0
2099,2022-03-27 00:12:37,0
2047,2022-03-27 00:12:40,0
2026,2022-03-27 00:12:44,0
2063,2022-03-27 00:12:47,0
2123,2022-03-27 00:12:50,0
2178,2022-03-27 00:12:54,0
2195,2022-03-27 00:12:57,0
2202,2022-03-27 00:13:00,0
2189,2022-03-27 00:13:04,0
2172,2022-03-27 00:13:07,0
2161,2022-03-27 00:13:10,0
2156,2022-03-27 00:13:14,0
2152,2022-03-27 00:13:17,0
2148,2022-03-27 00:13:20,0
2146,2022-03-27 00:13:24,0
2139,2022-03-27 00:13:27,0
2126,2022-03-27 00:13:30,0
2116,2022-03-27 00:13:34,0
2053,2022-03-27 00:13:37,0
1981,2022-03-27 00:13:40,0
1923,2022-03-27 00:13:44,0
1912,2022-03-27 00:13:47,0
1904,2022-03-27 00:13:51,0
1894,2022-03-27 00:13:54,0
1889,2022-03-27 00:13:57,0
1903,2022-03-27 00:14:00,0
1931,2022-03-27 00:14:04,0
1961,2022-03-27 00:14:07,0
1989,2022-03-27 00:14:10,0
2012,2022-03-27 00:14:14,0
2035,2022-03-27 00:14:17,0
1986,2022-03-27 00:14:20,0
1949,2022-03-27 00:14:24,0
1944,2022-03-27 00:14:27,0
1950,2022-03-27 00:14:30,0
1939,2022-03-27 00:14:34,0
1913,2022-03-27 00:14:37,0
1878,2022-03-27 00:14:40,0
1838,2022-03-27 00:14:44,0
1761,2022-03-27 00:14:47,0
1753,2022-03-27 00:14:50,0
1753,2022-03-27 00:14:54,0
1640,2022-03-27 00:14:57,0
1583,2022-03-27 00:15:00,0
1568,2022-03-27 00:15:04,0
1566,2022-03-27 00:15:07,0
1603,2022-03-27 00:15:10,0
1674,2022-03-27 00:15:14,0
1672,2022-03-27 00:15:17,0
1695,2022-03-27 00:15:20,0
1754,2022-03-27 00:15:24,0
1807,2022-03-27 00:15:27,0
1810,2022-03-27 00:15:30,0
1810,2022-03-27 00:15:34,0
1835,2022-03-27 00:15:37,0
1859,2022-03-27 00:15:40,0
1874,2022-03-27 00:15:44,0
1963,2022-03-27 00:15:47,0
1928,2022-03-27 00:15:50,0
1894,2022-03-27 00:15:54,0
1895,2022-03-27 00:15:57,0
1910,2022-03-27 00:16:00,0
1920,2022-03-27 00:16:04,0
1919,2022-03-27 00:16:07,0
1908,2022-03-27 00:16:10,0
1896,2022-03-27 00:16:14,0
1873,2022-03-27 00:16:17,0
1846,2022-03-27 00:16:20,0
1935,2022-03-27 00:16:23,0
1929,2022-03-27 00:16:27,0
1941,2022-03-27 00:16:30,0
1932,2022-03-27 00:16:33,0
1997,2022-03-27 00:16:37,0
2089,2022-03-27 00:16:40,0
2175,2022-03-27 00:16:43,0
2171,2022-03-27 00:16:47,0
2178,2022-03-27 00:16:50,0
2161,2022-03-27 00:16:53,0
2145,2022-03-27 00:16:57,0
2157,2022-03-27 00:17:00,0
2167,2022-03-27 00:17:03,0
2175,2022-03-27 00:17:07,0
2172,2022-03-27 00:17:10,0
2238,2022-03-27 00:17:13,0
2280,2022-03-27 00:17:17,0
2153,2022-03-27 00:17:20,0
2157,2022-03-27 00:17:23,0
2211,2022-03-27 00:17:27,0
2270,2022-03-27 00:17:30,0
2202,2022-03-27 00:17:33,0
2179,2022-03-27 00:17:37,0
2189,2022-03-27 00:17:40,0
2163,2022-03-27 00:17:43,0
1892,2022-03-27 00:17:47,0
1568,2022-03-27 00:17:50,0
1489,2022-03-27 00:17:53,0
1536,2022-03-27 00:17:57,0
1592,2022-03-27 00:18:00,0
1645,2022-03-27 00:18:03,0
1672,2022-03-27 00:18:07,0
1619,2022-03-27 00:18:10,0
1131,2022-03-27 00:18:13,0
958,2022-03-27 00:18:17,0
1106,2022-03-27 00:18:20,0
1301,2022-03-27 00:18:23,0
1557,2022-03-27 00:18:27,0
1672,2022-03-27 00:18:30,0
1647,2022-03-27 00:18:33,0
1406,2022-03-27 00:18:37,0
1322,2022-03-27 00:18:40,0
1347,2022-03-27 00:18:43,0
1487,2022-03-27 00:18:47,0
1660,2022-03-27 00:18:50,0
1681,2022-03-27 00:18:53,0
1752,2022-03-27 00:18:57,0
1003,2022-03-27 00:19:00,0
999,2022-03-27 00:19:03,0
950,2022-03-27 00:19:07,0
896,2022-03-27 00:19:10,0
1400,2022-03-27 00:19:13,0
1024,2022-03-27 00:19:17,0
1249,2022-03-27 00:19:20,0
1506,2022-03-27 00:19:23,0
1838,2022-03-27 00:19:27,0
1235,2022-03-27 00:19:30,0
1305,2022-03-27 00:19:33,0
1349,2022-03-27 00:19:36,0
1251,2022-03-27 00:19:40,0
1177,2022-03-27 00:19:43,0
1260,2022-03-27 00:19:46,0
1218,2022-03-27 00:19:50,0
1260,2022-03-27 00:19:53,0
1197,2022-03-27 00:19:56,0
1175,2022-03-27 00:20:00,0
1290,2022-03-27 00:20:03,0
1286,2022-03-27 00:20:06,0
1000,2022-03-27 00:20:10,0
945,2022-03-27 00:20:13,0
1039,2022-03-27 00:20:16,0
2269,2022-03-27 00:20:20,0
1772,2022-03-27 00:20:23,0
2054,2022-03-27 00:20:26,0
1932,2022-03-27 00:20:30,0
1970,2022-03-27 00:20:33,0
1853,2022-03-27 00:20:36,0
1591,2022-03-27 00:20:40,0
1622,2022-03-27 00:20:43,0
1643,2022-03-27 00:20:46,0
1619,2022-03-27 00:20:50,0
1624,2022-03-27 00:20:53,0
1637,2022-03-27 00:20:56,0
1653,2022-03-27 00:21:00,0
1628,2022-03-27 00:21:03,0
1636,2022-03-27 00:21:06,0
1646,2022-03-27 00:21:10,0
1629,2022-03-27 00:21:13,0
1608,2022-03-27 00:21:16,0
1591,2022-03-27 00:21:20,0
1573,2022-03-27 00:21:23,0
1555,2022-03-27 00:21:26,0
1555,2022-03-27 00:21:30,0
1529,2022-03-27 00:21:33,0
1509,2022-03-27 00:21:36,0
1474,2022-03-27 00:21:40,0
1461,2022-03-27 00:21:43,0
1471,2022-03-27 00:21:46,0
1485,2022-03-27 00:21:50,0
1497,2022-03-27 00:21:53,0
1510,2022-03-27 00:21:56,0
1502,2022-03-27 00:22:00,0
1456,2022-03-27 00:22:03,0
1250,2022-03-27 00:22:06,0
1315,2022-03-27 00:22:09,0
1408,2022-03-27 00:22:13,0
1484,2022-03-27 00:22:16,0
1545,2022-03-27 00:22:19,0
1591,2022-03-27 00:22:23,0
1643,2022-03-27 00:22:26,0
1675,2022-03-27 00:22:29,0
1711,2022-03-27 00:22:33,0
1719,2022-03-27 00:22:36,0
1687,2022-03-27 00:22:39,0
1677,2022-03-27 00:22:43,0
1670,2022-03-27 00:22:46,0
1667,2022-03-27 00:22:49,0
1671,2022-03-27 00:22:53,0
1675,2022-03-27 00:22:56,0
1676,2022-03-27 00:22:59,0
1673,2022-03-27 00:23:03,0
1672,2022-03-27 00:23:06,0
1671,2022-03-27 00:23:09,0
1667,2022-03-27 00:23:13,0
1665,2022-03-27 00:23:16,0
1656,2022-03-27 00:23:19,0
1662,2022-03-27 00:23:22,0
1643,2022-03-27 00:23:26,0
1611,2022-03-27 00:23:29,0
1605,2022-03-27 00:23:32,0
1593,2022-03-27 00:23:36,0
1564,2022-03-27 00:23:39,0
1532,2022-03-27 00:23:42,0
1526,2022-03-27 00:23:46,0
1538,2022-03-27 00:23:49,0
1548,2022-03-27 00:23:52,0
1563,2022-03-27 00:23:56,0
1576,2022-03-27 00:23:59,0
1581,2022-03-27 00:24:03,0
1591,2022-03-27 00:24:06,0
1595,2022-03-27 00:24:09,0
1607,2022-03-27 00:24:13,0
1623,2022-03-27 00:24:16,0
1634,2022-03-27 00:24:19,0
1649,2022-03-27 00:24:23,0
1670,2022-03-27 00:24:26,0
1709,2022-03-27 00:24:29,0
1736,2022-03-27 00:24:33,0
1754,2022-03-27 00:24:36,0
1763,2022-03-27 00:24:39,0
1765,2022-03-27 00:24:43,0
1728,2022-03-27 00:24:46,0
1713,2022-03-27 00:24:49,0
1705,2022-03-27 00:24:53,0
1703,2022-03-27 00:24:56,0
1696,2022-03-27 00:25:00,0
1693,2022-03-27 00:25:03,0
1692,2022-03-27 00:25:06,0
1688,2022-03-27 00:25:10,0
1691,2022-03-27 00:25:13,0
1692,2022-03-27 00:25:16,0
1689,2022-03-27 00:25:20,0
1689,2022-03-27 00:25:23,0
1696,2022-03-27 00:25:26,0
1696,2022-03-27 00:25:30,0
1695,2022-03-27 00:25:33,0
1697,2022-03-27 00:25:36,0
1702,2022-03-27 00:25:40,0
1703,2022-03-27 00:25:43,0
1696,2022-03-27 00:25:46,0
1680,2022-03-27 00:25:50,0
1668,2022-03-27 00:25:53,0
1662,2022-03-27 00:25:56,0
1624,2022-03-27 00:26:00,0
1517,2022-03-27 00:26:03,0
1306,2022-03-27 00:26:06,0
1178,2022-03-27 00:26:10,0
1055,2022-03-27 00:26:13,0
1122,2022-03-27 00:26:16,0
1142,2022-03-27 00:26:19,0
1079,2022-03-27 00:26:23,0
1000,2022-03-27 00:26:26,0
942,2022-03-27 00:26:29,0
1102,2022-03-27 00:26:33,0
1346,2022-03-27 00:26:36,0
1529,2022-03-27 00:26:39,0
1632,2022-03-27 00:26:43,0
1706,2022-03-27 00:26:46,0
1768,2022-03-27 00:26:49,0
1413,2022-03-27 00:26:53,0
1362,2022-03-27 00:26:56,0
1349,2022-03-27 00:26:59,0
1343,2022-03-27 00:27:03,0
1349,2022-03-27 00:27:06,0
1358,2022-03-27 00:27:09,0
1361,2022-03-27 00:27:13,0
1336,2022-03-27 00:27:16,0
979,2022-03-27 00:27:19,0
1001,2022-03-27 00:27:23,0
996,2022-03-27 00:27:26,0
1001,2022-03-27 00:27:29,0
950,2022-03-27 00:27:33,0
904,2022-03-27 00:27:36,0
289,2022-03-27 00:27:39,0
0,2022-03-27 00:27:43,0
0,2022-03-27 00:27:46,0
0,2022-03-27 00:27:49,0
0,2022-03-27 00:27:53,0
0,2022-03-27 00:27:56,0
0,2022-03-27 00:27:59,0
0,2022-03-27 00:28:02,0
0,2022-03-27 00:28:06,0
0,2022-03-27 00:28:09,0
0,2022-03-27 00:28:12,0
0,2022-03-27 00:28:16,0
0,2022-03-27 00:28:19,0
0,2022-03-27 00:28:22,0
0,2022-03-27 00:28:26,0
0,2022-03-27 00:28:29,0
0,2022-03-27 00:28:32,0
0,2022-03-27 00:28:36,0
0,2022-03-27 00:28:39,0
0,2022-03-27 00:28:42,0
0,2022-03-27 00:28:46,0
707,2022-03-27 00:28:49,0
1440,2022-03-27 00:28:52,0
1170,2022-03-27 00:28:56,0
1616,2022-03-27 00:28:59,0
1846,2022-03-27 00:29:02,0
1954,2022-03-27 00:29:06,0
1127,2022-03-27 00:29:09,0
991,2022-03-27 00:29:12,0
950,2022-03-27 00:29:16,0
857,2022-03-27 00:29:19,0
910,2022-03-27 00:29:22,0
895,2022-03-27 00:29:26,0
900,2022-03-27 00:29:29,0
931,2022-03-27 00:29:32,0
1244,2022-03-27 00:29:36,0
1221,2022-03-27 00:29:39,0
1346,2022-03-27 00:29:42,0
1452,2022-03-27 00:29:45,0
1320,2022-03-27 00:29:49,0
1173,2022-03-27 00:29:52,0
1149,2022-03-27 00:29:56,0
1253,2022-03-27 00:29:59,0
1447,2022-03-27 00:30:02,0
1495,2022-03-27 00:30:06,0
1481,2022-03-27 00:30:09,0
1380,2022-03-27 00:30:12,0
1363,2022-03-27 00:30:15,0
1422,2022-03-27 00:30:19,0
931,2022-03-27 00:30:22,0
1073,2022-03-27 00:30:25,0
1295,2022-03-27 00:30:29,0
1075,2022-03-27 00:30:32,0
1227,2022-03-27 00:30:35,0
1211,2022-03-27 00:30:39,0
1089,2022-03-27 00:30:42,0
1041,2022-03-27 00:30:45,0
954,2022-03-27 00:30:49,0
895,2022-03-27 00:30:52,0
1014,2022-03-27 00:30:55,0
1011,2022-03-27 00:30:59,0
889,2022-03-27 00:31:02,0
729,2022-03-27 00:31:05,0
879,2022-03-27 00:31:09,0
767,2022-03-27 00:31:12,0
928,2022-03-27 00:31:15,0
1024,2022-03-27 00:31:19,0
821,2022-03-27 00:31:22,0
607,2022-03-27 00:31:25,0
0,2022-03-27 00:31:29,0
0,2022-03-27 00:31:32,0
0,2022-03-27 00:31:35,0
0,2022-03-27 00:31:39,0
0,2022-03-27 00:31:42,0
0,2022-03-27 00:31:45,0
0,2022-03-27 00:31:49,0
0,2022-03-27 00:31:52,0
0,2022-03-27 00:31:55,0
0,2022-03-27 00:31:59,0
0,2022-03-27 00:32:02,0
0,2022-03-27 00:32:05,0
0,2022-03-27 00:32:09,0
0,2022-03-27 00:32:12,0
0,2022-03-27 00:32:15,0
0,2022-03-27 00:32:19,0
0,2022-03-27 00:32:22,0
0,2022-03-27 00:32:25,0
0,2022-03-27 00:32:28,0
0,2022-03-27 00:32:32,0
0,2022-03-27 00:32:35,0
0,2022-03-27 00:32:39,0
0,2022-03-27 00:32:42,0
0,2022-03-27 00:32:45,0
734,2022-03-27 00:32:49,0
1643,2022-03-27 00:32:52,0
1255,2022-03-27 00:32:55,0
1033,2022-03-27 00:32:58,0
1184,2022-03-27 00:33:02,0
1309,2022-03-27 00:33:05,0
1342,2022-03-27 00:33:08,0
1199,2022-03-27 00:33:12,0
1006,2022-03-27 00:33:15,0
1204,2022-03-27 00:33:18,0
1485,2022-03-27 00:33:22,0
1479,2022-03-27 00:33:25,0
1412,2022-03-27 00:33:28,0
1569,2022-03-27 00:33:32,0
1601,2022-03-27 00:33:35,0
1507,2022-03-27 00:33:38,0
1391,2022-03-27 00:33:42,0
1495,2022-03-27 00:33:45,0
1698,2022-03-27 00:33:48,0
1743,2022-03-27 00:33:52,0
1752,2022-03-27 00:33:55,0
1710,2022-03-27 00:33:58,0
947,2022-03-27 00:34:02,0
921,2022-03-27 00:34:05,0
922,2022-03-27 00:34:08,0
1063,2022-03-27 00:34:12,0
1377,2022-03-27 00:34:15,0
1518,2022-03-27 00:34:18,0
1180,2022-03-27 00:34:22,0
1164,2022-03-27 00:34:25,0
1062,2022-03-27 00:34:28,0
1305,2022-03-27 00:34:32,0
1564,2022-03-27 00:34:35,0
1995,2022-03-27 00:34:38,0
1531,2022-03-27 00:34:42,0
1601,2022-03-27 00:34:45,0
1554,2022-03-27 00:34:48,0
1543,2022-03-27 00:34:52,0
1547,2022-03-27 00:34:55,0
1550,2022-03-27 00:34:58,0
1550,2022-03-27 00:35:02,0
1565,2022-03-27 00:35:05,0
1486,2022-03-27 00:35:08,0
939,2022-03-27 00:35:12,0
870,2022-03-27 00:35:15,0
1621,2022-03-27 00:35:18,0
1408,2022-03-27 00:35:22,0
1070,2022-03-27 00:35:25,0
1265,2022-03-27 00:35:28,0
1314,2022-03-27 00:35:32,0
1317,2022-03-27 00:35:35,0
1478,2022-03-27 00:35:38,0
1485,2022-03-27 00:35:42,0
999,2022-03-27 00:35:45,0
998,2022-03-27 00:35:48,0
945,2022-03-27 00:35:52,0
871,2022-03-27 00:35:55,0
1309,2022-03-27 00:35:58,0
1034,2022-03-27 00:36:02,0
989,2022-03-27 00:36:05,0
959,2022-03-27 00:36:08,0
986,2022-03-27 00:36:12,0
1066,2022-03-27 00:36:15,0
1146,2022-03-27 00:36:18,0
1007,2022-03-27 00:36:22,0
942,2022-03-27 00:36:25,0
964,2022-03-27 00:36:28,0
857,2022-03-27 00:36:32,0
925,2022-03-27 00:36:35,0
898,2022-03-27 00:36:38,0
1003,2022-03-27 00:36:42,0
1008,2022-03-27 00:36:45,0
1572,2022-03-27 00:36:48,0
1221,2022-03-27 00:36:52,0
985,2022-03-27 00:36:55,0
914,2022-03-27 00:36:58,0
1323,2022-03-27 00:37:01,0
894,2022-03-27 00:37:05,0
990,2022-03-27 00:37:08,0
895,2022-03-27 00:37:11,0
914,2022-03-27 00:37:15,0
989,2022-03-27 00:37:18,0
929,2022-03-27 00:37:21,0
870,2022-03-27 00:37:25,0
825,2022-03-27 00:37:28,0
849,2022-03-27 00:37:31,0
796,2022-03-27 00:37:35,0
796,2022-03-27 00:37:38,0
760,2022-03-27 00:37:41,0
834,2022-03-27 00:37:45,0
828,2022-03-27 00:37:48,0
744,2022-03-27 00:37:51,0
0,2022-03-27 00:37:55,0
